"in_tree","peregrine:4.1","XOR3D1,XOR2D1,XNR3D1,XNR2D2,XNR2D1,SEDFQD4,SEDFQD2,SEDFQD1,SDFQD4,SDFQD1P33,SDFQD1,OR4D1,OR3D2,OR3D1,OR2D4,OR2D3,OR2D2,OR2D1,OR2D0P67,OAOI211D6,OAOI211D4,OAOI211D2,OAOI211D1,OAOI211D0P67,OAI32D1,OAI31D4,OAI31D3,OAI31D2,OAI31D1,OAI31D0P67,OAI22D1P33,OAI22D1,OAI22D0P67,OAI222D2,OAI222D1,OAI21D4,OAI21D3,OAI21D2,OAI21D1P33,OAI21D1,OAI21D0P67,OAI211D6,OAI211D4,OAI211D2,OAI211D1P33,OAI211D1,OA31D1,OA22D4,OA22D2,OA22D1,OA21D2,OA21D1,OA21D0P67,OA211D2,NR4D4,NR4D2,NR4D1P33,NR4D1,NR3D8,NR3D3,NR3D2,NR3D1P33,NR3D1,NR3D0P67,NR2D8,NR2D4,NR2D3,NR2D2,NR2D1P33,NR2D1,NR2D0P67,ND4D3,ND4D2,ND4D1,ND3D4,ND3D2,ND3D1,ND3D0P67,ND2D8,ND2D4,ND2D3,ND2D2,ND2D1,ND2D0P67,MUX3D1,MUX2NHDD2,MUX2NHDD1,MUX2D4,MUX2D2,MUX2D1,MAOI22D1,IOR2D2,IOR2D0P67,IOAI21D4,IOAI21D3,IOAI21D2,IOAI21D1,IOAI21D0P67,IOAI211D1,IOA22D4,IOA22D1,IOA21D6,IOA21D4,IOA21D3,IOA21D2,IOA21D1,INVD7,INVD6,INVD5,INVD4,INVD3,INVD2,INVD1P33,INVD1,INVD0P67,INR4D2,INR4D1,INR4D0P67,INR3D6,INR3D4,INR3D3,INR3D2,INR3D1,INR2D6,INR2D4,INR2D3,INR2D2,INR2D1,INR2D0P67,IND4D6,IND4D2,IND4D1,IND3D4,IND3D3,IND3D2,IND3D1,IND2D6,IND2D4,IND2D3,IND2D2,IND2D1,IND2D0P67,IIOAI22D4,IIOAI22D3,IIOAI21D6,IIOAI21D4,IIOAI21D3,IIOAI21D2,IIOAI21D1,IIOAI21D0P67,IINR4D3,IINR4D1,IINR3D2,IIND4D1,IIND3D3,IIND3D2,IIND3D1,IIAOI21D6,IIAOI21D3,IIAOI21D2,IIAOI21D1,IAOI21D6,IAOI21D4,IAOI21D3,IAOI21D2,IAOI21D1,IAOI211D3,IAOI211D2,IAOI211D1,IAO22D3,IAO22D1,IAO22D0P67,IAO21D1,IAN2D6,IAN2D4,IAN2D2,CKOR2D7,CKNR2D2,CKNR2D1,CKND6,CKND5,CKND4,CKND3,CKND2,CKND1,CKND0P67,CKMUX2ND6,CKLNQLPD2,CKBVF2D2,CKBD7,CKBD5,CKBD4,CKBD3,CKBD2,CKBD1,CKAN2D8,CKAN2D7,BUFFXD6,BUFFXD3,BUFFD6,BUFFD5,BUFFD4,BUFFD3,BUFFD2,BUFFD1,AOI31D4,AOI31D3,AOI31D2,AOI31D1,AOI31D0P67,AOI22D6,AOI22D3,AOI22D2,AOI22D1,AOI22D0P67,AOI222D1,AOI221D1,AOI21D4,AOI21D3,AOI21D2,AOI21D1,AOI21D0P67,AOI211D2,AOI211D1,AOAI211D6,AOAI211D4,AOAI211D3,AOAI211D2,AOAI211D1,AO31D1,AO22D1,AO222D1,AO2222D2,AO2222D1,AO2222D0P67,AO21D2,AO21D1,AO21D0P67,AO211D2,AN4D2,AN4D1,AN3D1,AN3D0P67,AN2D8,AN2D4,AN2D3,AN2D2,AN2D1P33,AN2D1,AN2D0P67","peregrine4p1","//hw/nvgpu/ip/uproc/peregrine/4.1/vmod/scp/NV_MSXXX_SCP_ctl.gv.tsmc3p_grlit1"
"in_tree","peregrine:4.1","BUFFD1","peregrine4p1","//hw/nvgpu/ip/uproc/peregrine/4.1/vmod/falcon/NV_MSXXX_FALCON_V5_dec.vx"
"in_tree","peregrine:4.1","BUFFD1","peregrine4p1","//hw/nvgpu/ip/uproc/peregrine/4.1/vmod/falcon/NV_MSXXX_FALCON_cfgreg.vx"
"in_tree","peregrine:4.1","BUFFD1","peregrine4p1","//hw/nvgpu/ip/uproc/peregrine/4.1/vmod/falcon/NV_MSXXX_FALCON_dma.vx"
"in_tree","peregrine:4.1","BUFFD1","peregrine4p1","//hw/nvgpu/ip/uproc/peregrine/4.1/vmod/falcon/NV_MSXXX_FALCON_hif.vx"
"in_tree","peregrine:4.1","NV_BLKBOX_BUFFER,BUFFD4,BUFFD2,BUFFD1","peregrine4p1","//hw/nvgpu/ip/uproc/peregrine/4.1/vmod/falcon/NV_MSXXX_FALCON_peripheral.include.vx"
"in_tree","peregrine:4.1","BUFFD1,AN2D2","peregrine4p1","//hw/nvgpu/ip/uproc/peregrine/4.1/vmod/falcon/NV_MSXXX_FALCON_HIF_ctxsw.vx"
"in_tree","peregrine:4.1","BUFFD1","peregrine4p1","//hw/nvgpu/ip/uproc/peregrine/4.1/vmod/falcon/NV_MSXXX_FALCON_L1TCM_DMEM_famode.vx"
"in_tree","peregrine:4.1","BUFFD1","peregrine4p1","//hw/nvgpu/ip/uproc/peregrine/4.1/vmod/falcon/NV_MSXXX_FALCON_L1TCM_IMEM_famode.vx"
"in_tree","peregrine:4.1","BUFFD1","peregrine4p1","//hw/nvgpu/ip/uproc/peregrine/4.1/vmod/falcon/NV_MSXXX_FALCON_L1TCM_scrub.vx"
"in_tree","peregrine:4.1","BUFFD1","peregrine4p1","//hw/nvgpu/ip/uproc/peregrine/4.1/vmod/riscv_core/riscv/NV_MSXXX_RISCV_ifu_cf.vx"
"in_tree","peregrine:4.1","p_SDFFHQX2,p_SDFCNQD1,SSYNC3DO_S_PPP,SSYNC2DO_S_PP,SDFQD1,SDFCNQD1,NR2D3,MX2X4,MUX2D2,INVX2,INVD1,CLKMX2X4,CLKBUFX4,CLKBUFX20,CLKBUFX2,CKND4,CKMUX2D2,CKBD3,CKBD16,CKBD12,CKBD1,BUFFD12,AOI31D1","peregrine4p1","//hw/nvgpu/ip/uproc/peregrine/4.1/vmod/scp/scripts/make_osc.pl"
"in_tree","peregrine:4.1","BUFFD1","peregrine4p1","//hw/nvgpu/ip/uproc/peregrine/4.1/defs/common_scr/uj_gen.pl"
"in_tree","peregrine:4.1","BUFFD1","peregrine4p1","//hw/nvgpu/ip/uproc/peregrine/4.1/vmod/falcon/NV_MSXXX_FALCON_CFGREG_brbootreg.vx"
"in_tree","peregrine:4.1","BUFFD1","peregrine4p1","//hw/nvgpu/ip/uproc/peregrine/4.1/vmod/falcon/NV_MSXXX_FALCON_rvipatch.vx"
"in_tree","peregrine:4.1","BUFFD1","peregrine4p1","//hw/nvgpu/ip/uproc/peregrine/4.1/vmod/fbif/NV_MSXXX_FBIF_aq.vx"
"in_tree","peregrine:4.1","BUFFD1","peregrine4p1","//hw/nvgpu/ip/uproc/peregrine/4.1/vmod/fbif/NV_MSXXX_FBIF_dispatch.vx"
"in_tree","peregrine:4.1","BUFFD1","peregrine4p1","//hw/nvgpu/ip/uproc/peregrine/4.1/vmod/fbif/NV_MSXXX_FBIF_fault.vx"
"in_tree","peregrine:4.1","BUFFD1","peregrine4p1","//hw/nvgpu/ip/uproc/peregrine/4.1/defs/common_scr/plmfltgen"
"in_tree","peregrine:4.1","AN2D2","peregrine4p1","//hw/nvgpu/ip/uproc/peregrine/4.1/vmod/gdma/NV_MSXXX_PRGN_gdma.svx"
"in_tree","peregrine:4.1","AN2D2","peregrine4p1","//hw/nvgpu/ip/uproc/peregrine/4.1/vmod/falcon/NV_MSXXX_FALCON_sha.vx"
"in_tree","peregrine:4.1","p_SDFFHQX2,p_SDFCNQD1,SSYNC3DO_S_PPP,SSYNC2DO_S_PP,SDFQD1,SDFCNQD1,NR2D3,MX2X4,MUX2D2,INVX2,INVD1,CLKMX2X4,CLKBUFX4,CLKBUFX20,CLKBUFX2,CKND4,CKMUX2D2,CKBD3,CKBD12,CKBD1,AOI31D1","peregrine4p1","//hw/nvgpu/ip/uproc/peregrine/4.1/vmod/scp/scripts/make_scc_osc.pl"
"in_tree","peregrine:4.1","NV_BLKBOX_SRC0,MUX2HDD2","peregrine4p1","//hw/nvgpu/ip/uproc/peregrine/4.1/vmod/scp/SCP_MCP_BASH2.gv"
"in_tree","peregrine:4.1","BUFFD1","peregrine4p1","//hw/nvgpu/ip/uproc/peregrine/4.1/vmod/riscv_core/riscv/NV_MSXXX_RISCV_ifu_ib.vx"
"in_tree","peregrine:4.1","BUFFD1","peregrine4p1","//hw/nvgpu/ip/uproc/peregrine/4.1/vmod/riscv_core/riscv/NV_MSXXX_RISCV_ifu_icache.vx"
"in_tree","peregrine:4.1","BUFFD1","peregrine4p1","//hw/nvgpu/ip/uproc/peregrine/4.1/vmod/riscv_core/riscv/NV_MSXXX_RISCV_ifu_ifpipe.vx"
"in_tree","peregrine:4.1","BUFFD1","peregrine4p1","//hw/nvgpu/ip/uproc/peregrine/4.1/vmod/riscv_core/riscv/NV_MSXXX_RISCV_lsu_cb_4cycle.vx"
"in_tree","peregrine:4.1","BUFFD1","peregrine4p1","//hw/nvgpu/ip/uproc/peregrine/4.1/vmod/riscv_core/riscv/NV_MSXXX_RISCV_lsu_dcache.vx"
"in_tree","peregrine:4.1","BUFFD1","peregrine4p1","//hw/nvgpu/ip/uproc/peregrine/4.1/vmod/riscv_core/riscv/NV_MSXXX_RISCV_lsu_dcache_lf.vx"
"in_tree","peregrine:4.1","BUFFD1","peregrine4p1","//hw/nvgpu/ip/uproc/peregrine/4.1/vmod/riscv_core/riscv/NV_MSXXX_RISCV_lsu_stb.vx"
"in_tree","peregrine:4.1","BUFFD1","peregrine4p1","//hw/nvgpu/ip/uproc/peregrine/4.1/vmod/riscv_core/riscv/NV_MSXXX_RISCV_nvcsr.vx"
"in_tree","peregrine:4.1","BUFFD1","peregrine4p1","//hw/nvgpu/ip/uproc/peregrine/4.1/vmod/riscv_core/riscv/NV_MSXXX_RISCV_rob.vx"
"in_tree","peregrine:4.1","BUFFD1","peregrine4p1","//hw/nvgpu/ip/uproc/peregrine/4.1/vmod/riscv_core/rv30/rvlib/scalar/NV_MSXXX_RVlib_br.vx"
"in_tree","peregrine:4.1","AND2X2","peregrine4p1","//hw/nvgpu/ip/uproc/peregrine/4.1/vmod/fbif/NV_MSXXX_fbif.vx"
"in_tree","peregrine:4.1","BUFFD2","peregrine4p1","//hw/nvgpu/ip/uproc/peregrine/4.1/vmod/scp/NV_MSXXX_scp.vx"
"in_tree","peregrine:4.1","BUFFD1HVT","peregrine4p1","//hw/nvgpu/ip/uproc/peregrine/4.1/vmod/falcon/NV_MSXXX_FALCON_icd.vx"
"in_tree","peregrine:4.1","INVD4","peregrine4p1","//hw/nvgpu/ip/uproc/peregrine/4.1/vmod/peregrine/NV_MSXXX_peregrine.vx"
"in_tree","peregrine:4.1","NV_BLKBOX_BUFFER","peregrine4p1","//hw/nvgpu/ip/uproc/peregrine/4.1/vmod/falcon/NV_MSXXX_FALCON_L1TCM_DMEM_FAMODE_kmpi_stubout.vx"
"in_tree","peregrine:4.1","NV_BLKBOX_BUFFER","peregrine4p1","//hw/nvgpu/ip/uproc/peregrine/4.1/vmod/falcon/NV_MSXXX_FALCON_L1TCM_DMEM_kmpi_rulecheck_stubout.vx"
"in_tree","peregrine:4.1","NV_BLKBOX_BUFFER","peregrine4p1","//hw/nvgpu/ip/uproc/peregrine/4.1/vmod/falcon/NV_MSXXX_FALCON_L1TCM_IMEM_brom_stubout.vx"
"in_tree","peregrine:4.1","NV_BLKBOX_BUFFER","peregrine4p1","//hw/nvgpu/ip/uproc/peregrine/4.1/vmod/falcon/NV_MSXXX_FALCON_L2TCM_famode_stubout.vx"
"in_tree","peregrine:4.1","NV_BLKBOX_BUFFER","peregrine4p1","//hw/nvgpu/ip/uproc/peregrine/4.1/vmod/falcon/NV_MSXXX_FALCON_sha_stub.vx"
"in_tree","peregrine:4.1","CKBD4","peregrine4p1","//hw/nvgpu/ip/uproc/peregrine/4.1/defs/common_scr/mkpmhdr_new"
"in_tree","peregrine:4.1","PGAOPV_CLAMP_LOT65,NV_BLKBOX_BUFFER","peregrine4p1","//hw/nvgpu/ip/uproc/peregrine/4.1/vmod/falcon/smake_header.mk"
"in_tree","peregrine:4.1","BUFFD1","peregrine4p1","//hw/nvgpu/ip/uproc/peregrine/4.1/vmod/riscv_core/rv30/top/xriscv/NV_MSXXX_RISCV_icd.vx"
"in_tree","peregrine:4.1","BUFFD1","peregrine4p1","//hw/nvgpu/ip/uproc/peregrine/4.1/vmod/riscv_core/rv30/top/xriscv/NV_MSXXX_RISCV_ifu_cf.vx"
"in_tree","peregrine:4.1","BUFFD1","peregrine4p1","//hw/nvgpu/ip/uproc/peregrine/4.1/vmod/riscv_core/rv30/top/xriscv/NV_MSXXX_RISCV_ifu_ib.vx"
"in_tree","peregrine:4.1","BUFFD1","peregrine4p1","//hw/nvgpu/ip/uproc/peregrine/4.1/vmod/riscv_core/rv30/top/xriscv/NV_MSXXX_RISCV_ifu_icache.vx"
"in_tree","peregrine:4.1","BUFFD1","peregrine4p1","//hw/nvgpu/ip/uproc/peregrine/4.1/vmod/riscv_core/rv30/top/xriscv/NV_MSXXX_RISCV_ifu_ifpipe.vx"
"in_tree","peregrine:4.1","BUFFD1","peregrine4p1","//hw/nvgpu/ip/uproc/peregrine/4.1/vmod/riscv_core/rv30/top/xriscv/NV_MSXXX_RISCV_nvcsr.vx"
"in_tree","peregrine:4.1","BUFFD1","peregrine4p1","//hw/nvgpu/ip/uproc/peregrine/4.1/vmod/riscv_core/rv30/top/xriscv/NV_MSXXX_RV_lsu_dcache.vx"
"in_tree","peregrine:4.1","BUFFD1","peregrine4p1","//hw/nvgpu/ip/uproc/peregrine/4.1/vmod/riscv_core/rv30/top/xriscv/NV_MSXXX_RV_lsu_dcache_lf.vx"
"in_tree","peregrine:4.1","BUFFD1","peregrine4p1","//hw/nvgpu/ip/uproc/peregrine/4.1/vmod/riscv_core/rv30/top/xriscv/NV_MSXXX_RV_lsu_stb.vx"
"in_tree","peregrine:4.1","BUFFD1","peregrine4p1","//hw/nvgpu/ip/uproc/peregrine/4.1/vmod/fbif/NV_MSXXX_FBIF_mq.vx"
"in_tree","peregrine:4.1","INVD2","peregrine4p1","//hw/nvgpu/ip/uproc/peregrine/4.1/vmod/jtag2falcon/NV_MSXXX_JTAG2FALCON_dbgmaster.vx"
"in_tree","peregrine:4.1","BUFFD1","peregrine4p1","//hw/nvgpu/ip/uproc/peregrine/4.1/vmod/falcon/NV_MSXXX_FALCON_rvcore.vx"
"in_tree","peregrine:4.1","OR2D2","TOT","//hw/nvgpu/vlib/src/misc/fs_clamp_1.v"
"in_tree","peregrine:4.1","INR2D2","TOT","//hw/nvgpu/vlib/src/misc/fs_clamp_0.v"