cell,g_cell
AN2CS1D0P67HVT,g_AN2
AN2CS1D1,g_AN2
AN2CS1D1HVT,g_AN2
AN2CS2D0P67,g_AN2
AN2CS2D0P67HVT,g_AN2
AN2CS2D1,g_AN2
AN2CS2D1HVT,g_AN2
AN2CS3D0P67HVT,g_AN2
AN2CS3D1HVT,g_AN2
AN2CS3D1P33HVT,g_AN2
AN2D0P67,g_AN2
AN2D0P67HVT,g_AN2
AN2D1,g_AN2
AN2D10T6,g_AN2
AN2D1HVT,g_AN2
AN2D1P33,g_AN2
AN2D1T6,g_AN2
AN2D2,g_AN2
AN2D2T6,g_AN2
AN2D3,g_AN2
AN2D3T6,g_AN2
AN2D4,g_AN2
AN2D4HVT,g_AN2
AN2D4T6,g_AN2
AN2D8,g_AN2
AN2D8T6,g_AN2
AN3CS1D1HVT,g_AN3
AN3CS3D1HVT,g_AN3
AN3D0P67,g_AN3
AN3D1,g_AN3
AN3D1T6,g_AN3
AN3D2,g_AN3
AN3D2T6,g_AN3
AN3D4,g_AN3
AN3D4T6,g_AN3
AN4D0P67,g_AN4
AN4D1,g_AN4
AN4D1T6,g_AN4
AN4D2,g_AN4
AN4D2T6,g_AN4
AND2X2,g_AN2
AND2X4,g_AN2
AND4X2,g_AN4
ANTENNA,g_ANTENNA
AO211CS1D2HVT,g_AO211
AO211CS3D0P67HVT,g_AO211
AO211D0P67,g_AO211
AO211D1,g_AO211
AO211D2,g_AO211
AO211D4T6,g_AO211
AO211V2D1T6,g_AO211
AO211V2D4T6,g_AO211
AO21CS1D0P67,g_AO21
AO21CS1D0P67HVT,g_AO21
AO21CS1D1HVT,g_AO21
AO21CS2D0P67,g_AO21
AO21CS2D0P67HVT,g_AO21
AO21CS2D1HVT,g_AO21
AO21CS2D4HVT,g_AO21
AO21CS3D0P67HVT,g_AO21
AO21CS3D1HVT,g_AO21
AO21CS3D2HVT,g_AO21
AO21D0P67,g_AO21
AO21D0P67HVT,g_AO21
AO21D1,g_AO21
AO21D1HVT,g_AO21
AO21D1T6,g_AO21
AO21D2,g_AO21
AO21D2T6,g_AO21
AO21D3T6,g_AO21
AO21D4T6,g_AO21
AO221CS2D1HVT,g_AO221
AO221CS3D1HVT,g_AO221
AO221D1,g_AO221
AO2222CS1D2HVT,g_AO2222
AO2222CS2D0P67HVT,g_AO2222
AO2222CS2D2HVT,g_AO2222
AO2222CS3D0P67HVT,g_AO2222
AO2222CS3D2HVT,g_AO2222
AO2222D0P67,g_AO2222
AO2222D0P67HVT,g_AO2222
AO2222D1,g_AO2222
AO2222D1T6,g_AO2222
AO2222D2,g_AO2222
AO2222D2HVT,g_AO2222
AO2222D2T6,g_AO2222
AO2222D6T6,g_AO2222
AO222CS1D1HVT,g_AO222
AO222CS2D1HVT,g_AO222
AO222D0P67,g_AO222
AO222D1,g_AO222
AO222D1T6,g_AO222
AO22CS1D0P67HVT,g_AO22
AO22CS2D0P67HVT,g_AO22
AO22CS3D0P67HVT,g_AO22
AO22D0P67,g_AO22
AO22D0P67HVT,g_AO22
AO22D1,g_AO22
AO22D1HVT,g_AO22
AO22D2,g_AO22
AO22D2HVT,g_AO22
AO22D2T6,g_AO22
AO22D3,g_AO22
AO22D4,g_AO22
AO31D0P67,g_AO31
AO31D1,g_AO31
AO31D1T6,g_AO31
AO31D2T6,g_AO31
AO32CS2D0P67HVT,g_AO32
AO32CS3D1HVT,g_AO32
AO32D0P67,g_AO32
AOAI211CS1D0P67HVT,g_AOAI211
AOAI211CS1D1HVT,g_AOAI211
AOAI211CS2D0P67HVT,g_AOAI211
AOAI211CS2D1HVT,g_AOAI211
AOAI211CS2D3HVT,g_AOAI211
AOAI211CS3D0P67,g_AOAI211
AOAI211CS3D0P67HVT,g_AOAI211
AOAI211CS3D1,g_AOAI211
AOAI211CS3D1HVT,g_AOAI211
AOAI211CS3D2HVT,g_AOAI211
AOAI211D0P67,g_AOAI211
AOAI211D0P67HVT,g_AOAI211
AOAI211D1,g_AOAI211
AOAI211D1HVT,g_AOAI211
AOAI211D1T6,g_AOAI211
AOAI211D2,g_AOAI211
AOAI211D2T6,g_AOAI211
AOAI211D3,g_AOAI211
AOAI211D3T6,g_AOAI211
AOAI211D4,g_AOAI211
AOAI211D6,g_AOAI211
AOI2111D1T6,g_AOI2111
AOI211CS1D0P67,g_AOI211
AOI211CS1D0P67HVT,g_AOI211
AOI211CS1D1HVT,g_AOI211
AOI211CS2D0P67HVT,g_AOI211
AOI211CS2D1HVT,g_AOI211
AOI211CS3D0P67,g_AOI211
AOI211CS3D0P67HVT,g_AOI211
AOI211CS3D1HVT,g_AOI211
AOI211D0P67,g_AOI211
AOI211D0P67HVT,g_AOI211
AOI211D1,g_AOI211
AOI211D1HVT,g_AOI211
AOI211D1T6,g_AOI211
AOI211D2,g_AOI211
AOI211D2T6,g_AOI211
AOI211D3,g_AOI211
AOI211D3T6,g_AOI211
AOI211D4,g_AOI211
AOI211D4T6,g_AOI211
AOI211D6,g_AOI211
AOI21CS1D0P67,g_AOI21
AOI21CS1D0P67HVT,g_AOI21
AOI21CS1D1,g_AOI21
AOI21CS1D1HVT,g_AOI21
AOI21CS1D1P33,g_AOI21
AOI21CS1D1P33HVT,g_AOI21
AOI21CS1D2HVT,g_AOI21
AOI21CS1D3,g_AOI21
AOI21CS1D6HVT,g_AOI21
AOI21CS2D0P67,g_AOI21
AOI21CS2D0P67HVT,g_AOI21
AOI21CS2D1HVT,g_AOI21
AOI21CS2D1P33,g_AOI21
AOI21CS2D1P33HVT,g_AOI21
AOI21CS2D2,g_AOI21
AOI21CS2D2HVT,g_AOI21
AOI21CS2D3HVT,g_AOI21
AOI21CS2D4,g_AOI21
AOI21CS2D4HVT,g_AOI21
AOI21CS2D6,g_AOI21
AOI21CS2D6HVT,g_AOI21
AOI21CS3D0P67,g_AOI21
AOI21CS3D0P67HVT,g_AOI21
AOI21CS3D1,g_AOI21
AOI21CS3D1HVT,g_AOI21
AOI21CS3D1P33,g_AOI21
AOI21CS3D1P33HVT,g_AOI21
AOI21CS3D2,g_AOI21
AOI21CS3D2HVT,g_AOI21
AOI21CS3D3HVT,g_AOI21
AOI21CS3D4,g_AOI21
AOI21CS3D4HVT,g_AOI21
AOI21CS3D6HVT,g_AOI21
AOI21D0P67,g_AOI21
AOI21D0P67HVT,g_AOI21
AOI21D1,g_AOI21
AOI21D1HVT,g_AOI21
AOI21D1P33,g_AOI21
AOI21D1P33HVT,g_AOI21
AOI21D1T6,g_AOI21
AOI21D2,g_AOI21
AOI21D2HVT,g_AOI21
AOI21D2T6,g_AOI21
AOI21D3,g_AOI21
AOI21D4,g_AOI21
AOI21D4HVT,g_AOI21
AOI21D4T6,g_AOI21
AOI21D6,g_AOI21
AOI21D6T6,g_AOI21
AOI2211D1T6,g_AOI2211
AOI221CS1D0P67HVT,g_AOI221
AOI221CS1D1HVT,g_AOI221
AOI221CS2D1HVT,g_AOI221
AOI221CS3D0P67HVT,g_AOI221
AOI221CS3D1HVT,g_AOI221
AOI221CS3D2HVT,g_AOI221
AOI221D0P67HVT,g_AOI221
AOI221D1,g_AOI221
AOI221D1HVT,g_AOI221
AOI221D1T6,g_AOI221
AOI2222D1T6,g_AOI2222
AOI222CS1D1HVT,g_AOI222
AOI222CS2D1HVT,g_AOI222
AOI222CS3D1HVT,g_AOI222
AOI222D1,g_AOI222
AOI222D1HVT,g_AOI222
AOI222D1T6,g_AOI222
AOI222D2,g_AOI222
AOI222D2T6,g_AOI222
AOI222D3,g_AOI222
AOI222D6,g_AOI222
AOI22CS1D0P67,g_AOI22
AOI22CS1D0P67HVT,g_AOI22
AOI22CS1D1HVT,g_AOI22
AOI22CS1D1P33,g_AOI22
AOI22CS1D1P33HVT,g_AOI22
AOI22CS1D2HVT,g_AOI22
AOI22CS2D0P67,g_AOI22
AOI22CS2D0P67HVT,g_AOI22
AOI22CS2D1HVT,g_AOI22
AOI22CS2D1P33,g_AOI22
AOI22CS2D1P33HVT,g_AOI22
AOI22CS2D2HVT,g_AOI22
AOI22CS3D0P67,g_AOI22
AOI22CS3D0P67HVT,g_AOI22
AOI22CS3D1HVT,g_AOI22
AOI22CS3D1P33HVT,g_AOI22
AOI22CS3D2HVT,g_AOI22
AOI22D0P67,g_AOI22
AOI22D0P67HVT,g_AOI22
AOI22D1,g_AOI22
AOI22D1HVT,g_AOI22
AOI22D1P33,g_AOI22
AOI22D1P33HVT,g_AOI22
AOI22D1T6,g_AOI22
AOI22D2,g_AOI22
AOI22D2HVT,g_AOI22
AOI22D2T6,g_AOI22
AOI22D3,g_AOI22
AOI22D4,g_AOI22
AOI22D4T6,g_AOI22
AOI22D6,g_AOI22
AOI22D6T6,g_AOI22
AOI3111D1T6,g_AOI3111
AOI31CS1D0P67HVT,g_AOI31
AOI31CS1D1HVT,g_AOI31
AOI31CS1D2,g_AOI31
AOI31CS2D0P67HVT,g_AOI31
AOI31CS2D1HVT,g_AOI31
AOI31CS3D0P67HVT,g_AOI31
AOI31CS3D1HVT,g_AOI31
AOI31CS3D2HVT,g_AOI31
AOI31D0P67,g_AOI31
AOI31D0P67HVT,g_AOI31
AOI31D1,g_AOI31
AOI31D1HVT,g_AOI31
AOI31D1T6,g_AOI31
AOI31D2,g_AOI31
AOI31D2T6,g_AOI31
AOI31D3,g_AOI31
AOI31D4,g_AOI31
AOI32CS2D0P67HVT,g_AOI32
AOI32CS3D1HVT,g_AOI32
AOI32D0P67,g_AOI32
AOI32D1T6,g_AOI32
BUFFCS1D0P67,g_BUFF
BUFFCS1D0P67HVT,g_BUFF
BUFFCS1D1,g_BUFF
BUFFCS1D10T6,g_BUFF
BUFFCS1D12T6,g_BUFF
BUFFCS1D12T6HLT_S,g_BUFF
BUFFCS1D12T6SB,g_BUFF
BUFFCS1D12T6VHT_S,g_BUFF
BUFFCS1D12T6_S,g_BUFF
BUFFCS1D14T6,g_BUFF
BUFFCS1D1HVT,g_BUFF
BUFFCS1D1P33,g_BUFF
BUFFCS1D1P33HVT,g_BUFF
BUFFCS1D2,g_BUFF
BUFFCS1D2HVT,g_BUFF
BUFFCS1D3,g_BUFF
BUFFCS1D3HVT,g_BUFF
BUFFCS1D4,g_BUFF
BUFFCS1D4HVT,g_BUFF
BUFFCS1D5HVT,g_BUFF
BUFFCS1D5T6,g_BUFF
BUFFCS1D6HVT,g_BUFF
BUFFCS1D6T6,g_BUFF
BUFFCS1D7HVT,g_BUFF
BUFFCS1D7T6,g_BUFF
BUFFCS1D8T6,g_BUFF
BUFFCS1D9T6,g_BUFF
BUFFCS2D0P67,g_BUFF
BUFFCS2D0P67HVT,g_BUFF
BUFFCS2D1,g_BUFF
BUFFCS2D10T6,g_BUFF
BUFFCS2D12T6,g_BUFF
BUFFCS2D12T6HLT_S,g_BUFF
BUFFCS2D12T6SB,g_BUFF
BUFFCS2D12T6VHT_S,g_BUFF
BUFFCS2D12T6_S,g_BUFF
BUFFCS2D14T6,g_BUFF
BUFFCS2D1HVT,g_BUFF
BUFFCS2D1P33HVT,g_BUFF
BUFFCS2D2,g_BUFF
BUFFCS2D2HVT,g_BUFF
BUFFCS2D3,g_BUFF
BUFFCS2D3HVT,g_BUFF
BUFFCS2D4HVT,g_BUFF
BUFFCS2D4T6,g_BUFF
BUFFCS2D5T6,g_BUFF
BUFFCS2D6HVT,g_BUFF
BUFFCS2D6T6,g_BUFF
BUFFCS2D7HVT,g_BUFF
BUFFCS2D7T6,g_BUFF
BUFFCS2D8T6,g_BUFF
BUFFCS2D9T6,g_BUFF
BUFFCS3D0P67,g_BUFF
BUFFCS3D0P67HVT,g_BUFF
BUFFCS3D1,g_BUFF
BUFFCS3D10T6,g_BUFF
BUFFCS3D12T6,g_BUFF
BUFFCS3D12T6HLT_S,g_BUFF
BUFFCS3D12T6SB,g_BUFF
BUFFCS3D12T6VHT_S,g_BUFF
BUFFCS3D12T6_S,g_BUFF
BUFFCS3D14T6,g_BUFF
BUFFCS3D1HVT,g_BUFF
BUFFCS3D1P33,g_BUFF
BUFFCS3D1P33HVT,g_BUFF
BUFFCS3D2,g_BUFF
BUFFCS3D2HVT,g_BUFF
BUFFCS3D3,g_BUFF
BUFFCS3D3HVT,g_BUFF
BUFFCS3D4HVT,g_BUFF
BUFFCS3D4T6,g_BUFF
BUFFCS3D5HVT,g_BUFF
BUFFCS3D5T6,g_BUFF
BUFFCS3D6,g_BUFF
BUFFCS3D7HVT,g_BUFF
BUFFCS3D7T6,g_BUFF
BUFFCS3D8T6,g_BUFF
BUFFCS3D9T6,g_BUFF
BUFFD0,g_BUFF
BUFFD0P5,g_BUFF
BUFFD0P67,g_BUFF
BUFFD0P67HVT,g_BUFF
BUFFD1,g_BUFF
BUFFD10T6,g_BUFF
BUFFD12,g_BUFF
BUFFD12HVT,g_BUFF
BUFFD12T6HLT_S,g_BUFF
BUFFD12T6SB,g_BUFF
BUFFD12T6VHT_S,g_BUFF
BUFFD12T6_S,g_BUFF
BUFFD14T6,g_BUFF
BUFFD16T6,g_BUFF
BUFFD1HVT,g_BUFF
BUFFD1P33,g_BUFF
BUFFD1P33HVT,g_BUFF
BUFFD1T6,g_BUFF
BUFFD2,g_BUFF
BUFFD20T6,g_BUFF
BUFFD24T6,g_BUFF
BUFFD2HVT,g_BUFF
BUFFD2T6,g_BUFF
BUFFD2T6HVT,g_BUFF
BUFFD2T6TOT,g_BUFF
BUFFD2T6TOT_GD,g_BUFF
BUFFD3,g_BUFF
BUFFD36T6TOT,g_BUFF
BUFFD36T6TOT_GD,g_BUFF
BUFFD36TOT,g_BUFF
BUFFD3HVT,g_BUFF
BUFFD3T6,g_BUFF
BUFFD4,g_BUFF
BUFFD4HVT,g_BUFF
BUFFD4T6,g_BUFF
BUFFD5,g_BUFF
BUFFD6,g_BUFF
BUFFD6HVT,g_BUFF
BUFFD6T6,g_BUFF
BUFFD7,g_BUFF
BUFFD7T6,g_BUFF
BUFFD8,g_BUFF
BUFFD8HVT,g_BUFF
BUFFD8T6,g_BUFF
BUFFD8T6HVT,g_BUFF
BUFFD9T6,g_BUFF
BUFFV2D2T6TOT,g_BUFF
BUFFV2D36T6TOT,g_BUFF
BUFTD2,g_BUFF
BUFX12,g_BUFF
BUFX16,g_BUFF
BUFX20,g_BUFF
BUFX4,g_BUFF
CKAN2D1,g_CKAN2
CKAN2D1T6,g_CKAN2
CKAN2D2,g_CKAN2
CKAN2D2T6,g_CKAN2
CKAN2D4,g_CKAN2
CKAN2D4T6,g_CKAN2
CKAN2D6,g_CKAN2
CKAN2D6T6,g_CKAN2
CKAN2D7,g_CKAN2
CKAN2D8,g_CKAN2
CKAN2D8T6,g_CKAN2
CKAN2V6D2T6,g_CKAN2
CKBCS1D0P67,g_CKB
CKBCS1D1,g_CKB
CKBCS1D1HVT,g_CKB
CKBCS1D3HVT,g_CKB
CKBCS1D4HVT,g_CKB
CKBCS1D6T6,g_CKB
CKBCS2D0P67,g_CKB
CKBCS2D1HVT,g_CKB
CKBCS2D2,g_CKB
CKBCS2D2HVT,g_CKB
CKBCS2D4,g_CKB
CKBCS3D0P67,g_CKB
CKBCS3D1HVT,g_CKB
CKBCS3D3HVT,g_CKB
CKBCS3D4HVT,g_CKB
CKBCS3D8,g_CKB
CKBD0P5,g_CKB
CKBD0P67,g_CKB
CKBD1,g_CKB
CKBD10,g_CKB
CKBD10T6,g_CKB
CKBD11,g_CKB
CKBD11T6,g_CKB
CKBD12,g_CKB
CKBD12PO4,g_CKB
CKBD12T6,g_CKB
CKBD16,g_CKB
CKBD16T6,g_CKB
CKBD18,g_CKB
CKBD18T6,g_CKB
CKBD1HVT,g_CKB
CKBD1T6,g_CKB
CKBD2,g_CKB
CKBD20,g_CKB
CKBD20PO4,g_CKB
CKBD20T6,g_CKB
CKBD24,g_CKB
CKBD24PO4,g_CKB
CKBD24T6,g_CKB
CKBD2HVT,g_CKB
CKBD2T6,g_CKB
CKBD2T6HVT,g_CKB
CKBD3,g_CKB
CKBD32,g_CKB
CKBD32T6,g_CKB
CKBD3HVT,g_CKB
CKBD3T6,g_CKB
CKBD3_S,g_CKB
CKBD4,g_CKB
CKBD48,g_CKB
CKBD48T6,g_CKB
CKBD4LVT,g_CKB
CKBD4PO4,g_CKB
CKBD4T6,g_CKB
CKBD5,g_CKB
CKBD5T6,g_CKB
CKBD6,g_CKB
CKBD64T6,g_CKB
CKBD6HVT,g_CKB
CKBD6PO4,g_CKB
CKBD6T6,g_CKB
CKBD7,g_CKB
CKBD7T6,g_CKB
CKBD8,g_CKB
CKBD8HVT,g_CKB
CKBD8T6,g_CKB
CKBD8_S,g_CKB
CKBV2D12,g_CKB
CKBV2D16,g_CKB
CKBV2D20,g_CKB
CKBV2D20PO4,g_CKB
CKBV2D24,g_CKB
CKBV2D32,g_CKB
CKBVF2D2,g_CKB
CKLNQD1,g_CKLNQ
CKLNQD12,g_CKLNQ
CKLNQD2,g_CKLNQ
CKLNQD2T6,g_CKLNQ
CKLNQD4,g_CKLNQ
CKLNQD4T6,g_CKLNQ
CKLNQD6,g_CKLNQ
CKLNQD6T6,g_CKLNQ
CKLNQD8,g_CKLNQ
CKLNQD8HVT,g_CKLNQ
CKLNQD8T6,g_CKLNQ
CKLNQLPD12T6,g_CKLNQ
CKLNQLPD16T6,g_CKLNQ
CKLNQLPD1T6,g_CKLNQ
CKLNQLPD2,g_CKLNQ
CKLNQLPD2T6,g_CKLNQ
CKLNQLPD3T6,g_CKLNQ
CKLNQLPD4,g_CKLNQ
CKLNQLPD4T6,g_CKLNQ
CKLNQLPD6T6,g_CKLNQ
CKLNQLPD8T6,g_CKLNQ
CKLNQLPV6D3T6,g_CKLNQ
CKLNQLPV6D4T6,g_CKLNQ
CKLNQLPV6D8T6,g_CKLNQ
CKLNQTLPD2,g_CKLNQT
CKLNQTLPD4,g_CKLNQT
CKLNQTLPD4T6,g_CKLNQT
CKLNQV6D2T6,g_CKLNQ
CKMUX2CS1D1T6,g_CKMUX2
CKMUX2CS1D2T6,g_CKMUX2
CKMUX2CS1D2T6HLT_S,g_CKMUX2
CKMUX2CS1D2T6SB,g_CKMUX2
CKMUX2CS1D2T6VHT_S,g_CKMUX2
CKMUX2CS1D2T6_S,g_CKMUX2
CKMUX2CS1D3T6,g_CKMUX2
CKMUX2CS1D4T6,g_CKMUX2
CKMUX2CS1D6T6,g_CKMUX2
CKMUX2CS1D8T6,g_CKMUX2
CKMUX2CS2D1HVT,g_CKMUX2
CKMUX2CS2D1T6,g_CKMUX2
CKMUX2CS2D2T6,g_CKMUX2
CKMUX2CS2D2T6HLT_S,g_CKMUX2
CKMUX2CS2D2T6SB,g_CKMUX2
CKMUX2CS2D2T6VHT_S,g_CKMUX2
CKMUX2CS2D2T6_S,g_CKMUX2
CKMUX2CS2D3T6,g_CKMUX2
CKMUX2CS2D4T6,g_CKMUX2
CKMUX2CS2D6T6,g_CKMUX2
CKMUX2CS2D8T6,g_CKMUX2
CKMUX2CS3D1T6,g_CKMUX2
CKMUX2CS3D2T6,g_CKMUX2
CKMUX2CS3D2T6HLT_S,g_CKMUX2
CKMUX2CS3D2T6SB,g_CKMUX2
CKMUX2CS3D2T6VHT_S,g_CKMUX2
CKMUX2CS3D2T6_S,g_CKMUX2
CKMUX2CS3D3T6,g_CKMUX2
CKMUX2CS3D4T6,g_CKMUX2
CKMUX2CS3D6T6,g_CKMUX2
CKMUX2CS3D8T6,g_CKMUX2
CKMUX2D0,g_CKMUX2
CKMUX2D1,g_CKMUX2
CKMUX2D1HVT,g_CKMUX2
CKMUX2D1T6,g_CKMUX2
CKMUX2D1T6HVT,g_CKMUX2
CKMUX2D2,g_CKMUX2
CKMUX2D2T6,g_CKMUX2
CKMUX2D2T6HLT_S,g_CKMUX2
CKMUX2D2T6SB,g_CKMUX2
CKMUX2D2T6VHT_S,g_CKMUX2
CKMUX2D2_S,g_CKMUX2
CKMUX2D3T6,g_CKMUX2
CKMUX2D4,g_CKMUX2
CKMUX2D4T6,g_CKMUX2
CKMUX2D6,g_CKMUX2
CKMUX2D6T6,g_CKMUX2
CKMUX2D8,g_CKMUX2
CKMUX2D8T6,g_CKMUX2
CKMUX2NCS1D2T6,g_CKMUX2N
CKMUX2NCS1D4T6,g_CKMUX2N
CKMUX2NCS1D6T6,g_CKMUX2N
CKMUX2NCS1D8T6,g_CKMUX2N
CKMUX2NCS2D2T6,g_CKMUX2N
CKMUX2NCS2D4T6,g_CKMUX2N
CKMUX2NCS2D6T6,g_CKMUX2N
CKMUX2NCS2D8T6,g_CKMUX2N
CKMUX2NCS3D2T6,g_CKMUX2N
CKMUX2NCS3D4T6,g_CKMUX2N
CKMUX2NCS3D6T6,g_CKMUX2N
CKMUX2NCS3D8T6,g_CKMUX2N
CKMUX2ND2,g_CKMUX2N
CKMUX2ND2T6,g_CKMUX2N
CKMUX2ND4,g_CKMUX2N
CKMUX2ND4T6,g_CKMUX2N
CKMUX2ND6,g_CKMUX2N
CKMUX2ND6T6,g_CKMUX2N
CKMUX2ND8T6,g_CKMUX2N
CKMUX2NV2CS1D2T6,g_CKMUX2N
CKMUX2NV2CS2D2T6,g_CKMUX2N
CKMUX2NV2CS3D2T6,g_CKMUX2N
CKMUX2NV6CS1D2T6,g_CKMUX2N
CKMUX2NV6CS1D4T6,g_CKMUX2N
CKMUX2NV6CS1D6T6,g_CKMUX2N
CKMUX2NV6CS1D8T6,g_CKMUX2N
CKMUX2NV6CS2D2T6,g_CKMUX2N
CKMUX2NV6CS2D4T6,g_CKMUX2N
CKMUX2NV6CS2D6T6,g_CKMUX2N
CKMUX2NV6CS2D8T6,g_CKMUX2N
CKMUX2NV6CS3D2T6,g_CKMUX2N
CKMUX2NV6CS3D4T6,g_CKMUX2N
CKMUX2NV6CS3D6T6,g_CKMUX2N
CKMUX2NV6CS3D8T6,g_CKMUX2N
CKMUX2NV6D2T6,g_CKMUX2N
CKMUX2NV6D4T6,g_CKMUX2N
CKMUX2NV6D6T6,g_CKMUX2N
CKMUX2NV6D8T6,g_CKMUX2N
CKMUX4CS1D4T6,g_CKMUX4
CKMUX4CS2D4T6,g_CKMUX4
CKMUX4CS3D4T6,g_CKMUX4
CKMUX4D4,g_CKMUX4
CKMUX4D4T6,g_CKMUX4
CKNCS1D3,g_CKN
CKNCS1D3T6,g_CKN
CKNCS3D0P67,g_CKN
CKNCS3D1,g_CKN
CKNCS3D1HVT,g_CKN
CKND0P67,g_CKN
CKND1,g_CKN
CKND12,g_CKN
CKND12T6,g_CKN
CKND14,g_CKN
CKND16,g_CKN
CKND16T6,g_CKN
CKND18,g_CKN
CKND18T6,g_CKN
CKND1HVT,g_CKN
CKND1T6,g_CKN
CKND1T6HVT,g_CKN
CKND2,g_CKN
CKND20,g_CKN
CKND20PO4,g_CKN
CKND20T6,g_CKN
CKND24,g_CKN
CKND24PO4,g_CKN
CKND24T6,g_CKN
CKND2CS1D1HVT,g_CKND2
CKND2CS2D1HVT,g_CKND2
CKND2D1,g_CKND2
CKND2D1HVT,g_CKND2
CKND2D1T6,g_CKND2
CKND2D1T6HVT,g_CKND2
CKND2D2,g_CKND2
CKND2D2T6,g_CKND2
CKND2D4,g_CKND2
CKND2D4T6,g_CKND2
CKND2D7,g_CKND2
CKND2HVT,g_CKN
CKND2T6,g_CKN
CKND2T6HVT,g_CKN
CKND2V6D1T6,g_CKND2
CKND2V6D2T6,g_CKND2
CKND2V6D3T6,g_CKND2
CKND2V6D4T6,g_CKND2
CKND3,g_CKN
CKND32,g_CKN
CKND32PO4,g_CKN
CKND32T6,g_CKN
CKND3T6,g_CKN
CKND3_S,g_CKN
CKND4,g_CKN
CKND48,g_CKN
CKND48T6,g_CKN
CKND4PO4,g_CKN
CKND4T6,g_CKN
CKND5,g_CKN
CKND5T6,g_CKN
CKND6,g_CKN
CKND64T6,g_CKN
CKND6PO4,g_CKN
CKND6T6,g_CKN
CKND7,g_CKN
CKND72T6,g_CKN
CKND7HVT,g_CKN
CKND7T6,g_CKN
CKND7T6HVT,g_CKN
CKND8,g_CKN
CKND8T6,g_CKN
CKND8T6_S,g_CKN
CKND8_S,g_CKN
CKNR2CS1D1,g_CKNR2
CKNR2CS1D2,g_CKNR2
CKNR2CS1D2T6,g_CKNR2
CKNR2CS1D3,g_CKNR2
CKNR2CS2D1,g_CKNR2
CKNR2CS3D1,g_CKNR2
CKNR2D1,g_CKNR2
CKNR2D1T6,g_CKNR2
CKNR2D2,g_CKNR2
CKNR2D2T6,g_CKNR2
CKNR2D3,g_CKNR2
CKNR2D3T6,g_CKNR2
CKNR2D4,g_CKNR2
CKNR2D4HVT,g_CKNR2
CKNR2D4T6,g_CKNR2
CKNR2D4T6HVT,g_CKNR2
CKNR2D5,g_CKNR2
CKNR2D5T6,g_CKNR2
CKNR2D6,g_CKNR2
CKNR2D6T6,g_CKNR2
CKNR2V6D3T6,g_CKNR2
CKNR2V6D4T6,g_CKNR2
CKNR2V6D6T6,g_CKNR2
CKNR3D1T6,g_CKNR3
CKNR3D2,g_CKNR3
CKNR3D2T6,g_CKNR3
CKNV2D20PO4,g_CKN
CKNV2D32,g_CKN
CKNV2D32PO4,g_CKN
CKNV6CS1D5T6,g_CKN
CKNV6D12T6,g_CKN
CKNV6D14T6,g_CKN
CKNV6D20T6,g_CKN
CKNV6D24T6,g_CKN
CKNV6D2T6,g_CKN
CKNV6D32T6,g_CKN
CKNV6D48T6,g_CKN
CKNV6D4T6,g_CKN
CKNV6D5T6,g_CKN
CKNV6D6LVT,g_CKN
CKNV6D6T6,g_CKN
CKNV6D7T6,g_CKN
CKNV6D8T6,g_CKN
CKNVF2D2,g_CKN
CKOR2CS1D1T6,g_CKOR2
CKOR2CS1D2T6,g_CKOR2
CKOR2CS1D3T6,g_CKOR2
CKOR2CS1D4T6,g_CKOR2
CKOR2CS1D5T6,g_CKOR2
CKOR2CS1D6T6,g_CKOR2
CKOR2CS1D7T6,g_CKOR2
CKOR2CS1D8T6,g_CKOR2
CKOR2CS2D1T6,g_CKOR2
CKOR2CS2D2T6,g_CKOR2
CKOR2CS2D3T6,g_CKOR2
CKOR2CS2D4T6,g_CKOR2
CKOR2CS2D5T6,g_CKOR2
CKOR2CS2D6T6,g_CKOR2
CKOR2CS2D7T6,g_CKOR2
CKOR2CS2D8T6,g_CKOR2
CKOR2CS3D1T6,g_CKOR2
CKOR2CS3D2T6,g_CKOR2
CKOR2CS3D3T6,g_CKOR2
CKOR2CS3D4T6,g_CKOR2
CKOR2CS3D5T6,g_CKOR2
CKOR2CS3D6T6,g_CKOR2
CKOR2CS3D7T6,g_CKOR2
CKOR2CS3D8T6,g_CKOR2
CKOR2D1,g_CKOR2
CKOR2D2,g_CKOR2
CKOR2D2T6,g_CKOR2
CKOR2D3T6,g_CKOR2
CKOR2D4,g_CKOR2
CKOR2D4T6,g_CKOR2
CKOR2D5T6,g_CKOR2
CKOR2D6,g_CKOR2
CKOR2D6T6,g_CKOR2
CKOR2D7,g_CKOR2
CKOR2D8,g_CKOR2
CKXOR2CS1D2HVT,g_CKXOR2
CKXOR2D1,g_CKXOR2
CKXOR2D1HVT,g_CKXOR2
CKXOR2D2,g_CKXOR2
CKXOR2D2T6,g_CKXOR2
CKXOR2D4,g_CKXOR2
CLKAND2X4,g_CKAN2
CLKBUFX12,g_CKB
CLKBUFX16,g_CKB
CLKBUFX2,g_CKB
CLKBUFX20,g_CKB
CLKBUFX4,g_CKB
CLKBUFX8,g_CKB
CLKGEN2D6,g_CLKGEN2
CLKGEN2D6T6,g_CLKGEN2
CLKGEN2V6D6T6,g_CLKGEN2
CLKINVX2,g_CKN
CLKINVX20,g_CKN
CLKINVX3,g_CKN
CLKMX2X4,g_CKMUX2
CMPE42D1,g_CMPE42
CMPE42DCOHDD1,g_CMPE42
DFCND1,g_DFCN
DFCND1T6,g_DFCN
DFCND2,g_DFCN
DFCNQD1,g_DFCNQ
DFCNQD1T6,g_DFCNQ
DFCNQD2,g_DFCNQ
DFCNQD2T6,g_DFCNQ
DFCNQD2T6HVT,g_DFCNQ
DFCNQD4,g_DFCNQ
DFCNQD4T6,g_DFCNQ
DFCNQMDD2,g_DFCNQ
DFD1,g_DF
DFD1T6,g_DF
DFNCND1,g_DFNCN
DFNCND1T6,g_DFNCN
DFNCNQD1,g_DFNCNQ
DFNCNQD1T6,g_DFNCNQ
DFND1,g_DFN
DFND1T6,g_DFN
DFNMDD2,g_DFN
DFNMDD4,g_DFN
DFNMDD4T6,g_DFN
DFNQD1,g_DFNQ
DFNQD1T6,g_DFNQ
DFNQD2,g_DFNQ
DFNQD2T6,g_DFNQ
DFNQMDD2,g_DFNQ
DFNSNQD1,g_DFNSNQ
DFNSNQD1T6,g_DFNSNQ
DFNSNQMDD4,g_DFNSNQ
DFNSNQMDD4T6,g_DFNSNQ
DFQD1,g_DFQ
DFQD1T6,g_DFQ
DFQD2,g_DFQ
DFQD2T6,g_DFQ
DFQMDD2,g_DFQ
DFSNQD1,g_DFSNQ
DFSNQD1T6,g_DFSNQ
DFSNQD4T6,g_DFSNQ
EDFCND1,g_EDFCN
EDFCND1T6,g_EDFCN
FA1CS1D0P67,g_FA1
FA1CS1D2,g_FA1
FA1CS1D2HVT,g_FA1
FA1CS2D0P67,g_FA1
FA1CS2D1,g_FA1
FA1CS2D2,g_FA1
FA1CS2D2HVT,g_FA1
FA1CS3D0P67,g_FA1
FA1CS3D2,g_FA1
FA1CS3D2HVT,g_FA1
FA1D0P67,g_FA1
FA1D1,g_FA1
FA1D2,g_FA1
FA1D2HVT,g_FA1
FA1DCOHDD1,g_FA1
FA1DCOHDD1T6,g_FA1
FA1DCOSNHDD1T6,g_FA1
FA1ECOSNHDD1T6,g_FA1
FA1HDCS1D0P67,g_FA1
FA1HDCS1D0P67HVT,g_FA1
FA1HDCS1D1HVT,g_FA1
FA1HDCS1D1P33,g_FA1
FA1HDCS1D2,g_FA1
FA1HDCS2D0P67,g_FA1
FA1HDCS2D0P67HVT,g_FA1
FA1HDCS2D1HVT,g_FA1
FA1HDCS2D1P33,g_FA1
FA1HDCS2D2,g_FA1
FA1HDCS3D0P67,g_FA1
FA1HDCS3D0P67HVT,g_FA1
FA1HDCS3D1HVT,g_FA1
FA1HDCS3D1P33,g_FA1
FA1HDD0P67,g_FA1
FA1HDD0P67HVT,g_FA1
FA1HDD1,g_FA1
FA1HDD1HVT,g_FA1
FA1HDD1P33,g_FA1
FA1HDD1T6,g_FA1
FA1HSD2,g_FA1
FA2HDCS1D1HVT,g_FA2
FA2HDCS2D0P67,g_FA2
FA2HDCS2D1HVT,g_FA2
FA2HDCS3D1HVT,g_FA2
FA2HDD0P67,g_FA2
FA2HDD1HVT,g_FA2
IAN2CS1D0P67HVT,g_IAN2
IAN2CS1D1HVT,g_IAN2
IAN2CS1D2HVT,g_IAN2
IAN2CS2D0P67HVT,g_IAN2
IAN2CS2D4,g_IAN2
IAN2CS3D0P67HVT,g_IAN2
IAN2CS3D1,g_IAN2
IAN2CS3D1HVT,g_IAN2
IAN2CS3D2HVT,g_IAN2
IAN2CS3D6,g_IAN2
IAN2CS3D6HVT,g_IAN2
IAN2D0P67HVT,g_IAN2
IAN2D2,g_IAN2
IAN2D2HVT,g_IAN2
IAN2D2T6,g_IAN2
IAN2D4,g_IAN2
IAN2D4HVT,g_IAN2
IAN2D4T6,g_IAN2
IAN2D6,g_IAN2
IAN2D6T6,g_IAN2
IAO21CS1D0P67,g_IAO21
IAO21CS1D0P67HVT,g_IAO21
IAO21CS1D1,g_IAO21
IAO21CS1D1HVT,g_IAO21
IAO21CS1D2,g_IAO21
IAO21CS1D2HVT,g_IAO21
IAO21CS1D3HVT,g_IAO21
IAO21CS2D0P67HVT,g_IAO21
IAO21CS2D1HVT,g_IAO21
IAO21CS3D0P67,g_IAO21
IAO21CS3D0P67HVT,g_IAO21
IAO21CS3D1HVT,g_IAO21
IAO21D0P67HVT,g_IAO21
IAO21D1,g_IAO21
IAO21D1HVT,g_IAO21
IAO21D1T6,g_IAO21
IAO21D2,g_IAO21
IAO21D2T6,g_IAO21
IAO21D3,g_IAO21
IAO21D3T6,g_IAO21
IAO21D4HVT,g_IAO21
IAO21D4T6,g_IAO21
IAO22CS1D0P67HVT,g_IAO22
IAO22CS1D1HVT,g_IAO22
IAO22CS2D0P67HVT,g_IAO22
IAO22CS2D1HVT,g_IAO22
IAO22CS3D0P67HVT,g_IAO22
IAO22CS3D1HVT,g_IAO22
IAO22D0P67,g_IAO22
IAO22D0P67HVT,g_IAO22
IAO22D1,g_IAO22
IAO22D1T6,g_IAO22
IAO22D2T6,g_IAO22
IAO22D3,g_IAO22
IAO22D6,g_IAO22
IAO22V2D2T6,g_IAO22
IAOI211CS1D0P67HVT,g_IAOI211
IAOI211CS1D1HVT,g_IAOI211
IAOI211CS2D1HVT,g_IAOI211
IAOI211CS2D2HVT,g_IAOI211
IAOI211CS3D1HVT,g_IAOI211
IAOI211D0P67HVT,g_IAOI211
IAOI211D1,g_IAOI211
IAOI211D1HVT,g_IAOI211
IAOI211D1T6,g_IAOI211
IAOI211D2,g_IAOI211
IAOI211D2T6,g_IAOI211
IAOI211D3,g_IAOI211
IAOI211D3T6,g_IAOI211
IAOI211D4,g_IAOI211
IAOI211V2D2T6,g_IAOI211
IAOI21CS1D0P67,g_IAOI21
IAOI21CS1D0P67HVT,g_IAOI21
IAOI21CS1D1HVT,g_IAOI21
IAOI21CS2D0P67,g_IAOI21
IAOI21CS2D0P67HVT,g_IAOI21
IAOI21CS2D1HVT,g_IAOI21
IAOI21CS3D0P67HVT,g_IAOI21
IAOI21CS3D1HVT,g_IAOI21
IAOI21D0P67,g_IAOI21
IAOI21D0P67HVT,g_IAOI21
IAOI21D1,g_IAOI21
IAOI21D1HVT,g_IAOI21
IAOI21D1T6,g_IAOI21
IAOI21D2,g_IAOI21
IAOI21D2T6,g_IAOI21
IAOI21D3,g_IAOI21
IAOI21D3T6,g_IAOI21
IAOI21D4,g_IAOI21
IAOI21D4HVT,g_IAOI21
IAOI21D4T6,g_IAOI21
IAOI21D6,g_IAOI21
IAOI21D6T6,g_IAOI21
IBAO21CS1D1HVT,g_IBAO21
IBAO21CS2D1HVT,g_IBAO21
IBAO21CS3D0P67HVT,g_IBAO21
IBAO21CS3D1HVT,g_IBAO21
IBAO21D0P67HVT,g_IBAO21
IBAO21D1HVT,g_IBAO21
IBAO21D2T6,g_IBAO21
IBAO21D3T6,g_IBAO21
IBAO21D4T6,g_IBAO21
IBAO21D6T6,g_IBAO21
IBND2D1T6,g_IBND2
IBND2D2T6,g_IBND2
IBND3D1T6,g_IBND3
IBND3D2T6,g_IBND3
IBND4D1T6,g_IBND4
IBND4D2T6,g_IBND4
IBNR2D1T6,g_IBNR2
IBNR2D2T6,g_IBNR2
IBNR2D3T6,g_IBNR2
IBNR2D4T6,g_IBNR2
IBNR3D1T6,g_IBNR3
IBNR3D2T6,g_IBNR3
IBNR4D1T6,g_IBNR4
IBNR4D2T6,g_IBNR4
IBOA21D2T6,g_IBOA21
IBOA21D3T6,g_IBOA21
IBOA21D4T6,g_IBOA21
IIAOI21CS1D0P67HVT,g_IIAOI21
IIAOI21CS1D1HVT,g_IIAOI21
IIAOI21CS2D1HVT,g_IIAOI21
IIAOI21CS3D0P67HVT,g_IIAOI21
IIAOI21CS3D1HVT,g_IIAOI21
IIAOI21D0P67HVT,g_IIAOI21
IIAOI21D1,g_IIAOI21
IIAOI21D1HVT,g_IIAOI21
IIAOI21D1T6,g_IIAOI21
IIAOI21D2,g_IIAOI21
IIAOI21D2T6,g_IIAOI21
IIAOI21D3,g_IIAOI21
IIAOI21D3HVT,g_IIAOI21
IIAOI21D3T6,g_IIAOI21
IIAOI21D4T6,g_IIAOI21
IIAOI21D6,g_IIAOI21
IIAOI21D6T6,g_IIAOI21
IIND3CS1D1HVT,g_IIND3
IIND3CS3D0P67HVT,g_IIND3
IIND3D1,g_IIND3
IIND3D2,g_IIND3
IIND3D2T6,g_IIND3
IIND3D3,g_IIND3
IIND3D6T6,g_IIND3
IIND4D1,g_IIND4
IIND4D6T6,g_IIND4
IINR3D0P67,g_IINR3
IINR3D1T6,g_IINR3
IINR3D2,g_IINR3
IINR3D2T6,g_IINR3
IINR3D4T6,g_IINR3
IINR4D1,g_IINR4
IINR4D1T6,g_IINR4
IINR4D3,g_IINR4
IIOAI21CS1D0P67,g_IIOAI21
IIOAI21CS1D0P67HVT,g_IIOAI21
IIOAI21CS1D1,g_IIOAI21
IIOAI21CS1D1HVT,g_IIOAI21
IIOAI21CS1D2HVT,g_IIOAI21
IIOAI21CS1D4HVT,g_IIOAI21
IIOAI21CS1D6HVT,g_IIOAI21
IIOAI21CS2D0P67,g_IIOAI21
IIOAI21CS2D0P67HVT,g_IIOAI21
IIOAI21CS2D1,g_IIOAI21
IIOAI21CS2D1HVT,g_IIOAI21
IIOAI21CS2D2HVT,g_IIOAI21
IIOAI21CS2D3HVT,g_IIOAI21
IIOAI21CS2D4HVT,g_IIOAI21
IIOAI21CS2D6HVT,g_IIOAI21
IIOAI21CS3D0P67,g_IIOAI21
IIOAI21CS3D0P67HVT,g_IIOAI21
IIOAI21CS3D1,g_IIOAI21
IIOAI21CS3D1HVT,g_IIOAI21
IIOAI21CS3D2,g_IIOAI21
IIOAI21CS3D2HVT,g_IIOAI21
IIOAI21CS3D3HVT,g_IIOAI21
IIOAI21CS3D4,g_IIOAI21
IIOAI21CS3D4HVT,g_IIOAI21
IIOAI21CS3D6HVT,g_IIOAI21
IIOAI21D0P67,g_IIOAI21
IIOAI21D0P67HVT,g_IIOAI21
IIOAI21D1,g_IIOAI21
IIOAI21D1HVT,g_IIOAI21
IIOAI21D1T6,g_IIOAI21
IIOAI21D2,g_IIOAI21
IIOAI21D2HVT,g_IIOAI21
IIOAI21D2T6,g_IIOAI21
IIOAI21D3,g_IIOAI21
IIOAI21D3HVT,g_IIOAI21
IIOAI21D3T6,g_IIOAI21
IIOAI21D4,g_IIOAI21
IIOAI21D4HVT,g_IIOAI21
IIOAI21D6,g_IIOAI21
IIOAI22CS2D0P67,g_IIOAI22
IIOAI22CS2D3HVT,g_IIOAI22
IIOAI22CS3D1,g_IIOAI22
IIOAI22D0P67,g_IIOAI22
IIOAI22D2T6,g_IIOAI22
IIOAI22D3,g_IIOAI22
IIOAI22D4,g_IIOAI22
IND2CS1D0P67,g_IND2
IND2CS1D0P67HVT,g_IND2
IND2CS1D1HVT,g_IND2
IND2CS1D2,g_IND2
IND2CS1D2HVT,g_IND2
IND2CS1D6,g_IND2
IND2CS2D0P67HVT,g_IND2
IND2CS2D1HVT,g_IND2
IND2CS2D2,g_IND2
IND2CS2D2HVT,g_IND2
IND2CS2D3HVT,g_IND2
IND2CS2D4HVT,g_IND2
IND2CS3D0P67,g_IND2
IND2CS3D0P67HVT,g_IND2
IND2CS3D1HVT,g_IND2
IND2CS3D2,g_IND2
IND2CS3D3HVT,g_IND2
IND2CS3D4,g_IND2
IND2CS3D4HVT,g_IND2
IND2CS3D6,g_IND2
IND2CS3D6HVT,g_IND2
IND2D0P67,g_IND2
IND2D0P67HVT,g_IND2
IND2D1,g_IND2
IND2D1HVT,g_IND2
IND2D1T6,g_IND2
IND2D2,g_IND2
IND2D2HVT,g_IND2
IND2D2T6,g_IND2
IND2D3,g_IND2
IND2D3T6,g_IND2
IND2D4,g_IND2
IND2D4HVT,g_IND2
IND2D4T6,g_IND2
IND2D6,g_IND2
IND2D6T6,g_IND2
IND3CS1D0P67HVT,g_IND3
IND3CS1D1HVT,g_IND3
IND3CS2D1HVT,g_IND3
IND3CS3D0P67HVT,g_IND3
IND3D0P67,g_IND3
IND3D0P67HVT,g_IND3
IND3D1,g_IND3
IND3D1HVT,g_IND3
IND3D1T6,g_IND3
IND3D2,g_IND3
IND3D2T6,g_IND3
IND3D3,g_IND3
IND3D3T6,g_IND3
IND3D4,g_IND3
IND3D4T6,g_IND3
IND3D6,g_IND3
IND4CS2D1HVT,g_IND4
IND4D0P67,g_IND4
IND4D1,g_IND4
IND4D2,g_IND4
IND4D2T6,g_IND4
IND4D4T6,g_IND4
IND4D6,g_IND4
INR2CS1D0P67,g_INR2
INR2CS1D0P67HVT,g_INR2
INR2CS1D1,g_INR2
INR2CS1D1HVT,g_INR2
INR2CS1D2,g_INR2
INR2CS1D2HVT,g_INR2
INR2CS1D3HVT,g_INR2
INR2CS1D4HVT,g_INR2
INR2CS1D6HVT,g_INR2
INR2CS2D0P67,g_INR2
INR2CS2D0P67HVT,g_INR2
INR2CS2D1HVT,g_INR2
INR2CS2D2HVT,g_INR2
INR2CS2D4,g_INR2
INR2CS2D4HVT,g_INR2
INR2CS3D0P67,g_INR2
INR2CS3D0P67HVT,g_INR2
INR2CS3D1HVT,g_INR2
INR2CS3D2,g_INR2
INR2CS3D2HVT,g_INR2
INR2CS3D3,g_INR2
INR2CS3D3HVT,g_INR2
INR2CS3D4HVT,g_INR2
INR2CS3D6,g_INR2
INR2D0P67,g_INR2
INR2D0P67HVT,g_INR2
INR2D1,g_INR2
INR2D1HVT,g_INR2
INR2D1T6,g_INR2
INR2D2,g_INR2
INR2D2HVT,g_INR2
INR2D2T6,g_INR2
INR2D3,g_INR2
INR2D3HVT,g_INR2
INR2D3T6,g_INR2
INR2D4,g_INR2
INR2D4HVT,g_INR2
INR2D4T6,g_INR2
INR2D6,g_INR2
INR2D6T6,g_INR2
INR3CS2D0P67HVT,g_INR3
INR3CS2D1HVT,g_INR3
INR3CS3D0P67HVT,g_INR3
INR3CS3D4HVT,g_INR3
INR3D0P67,g_INR3
INR3D0P67HVT,g_INR3
INR3D1,g_INR3
INR3D1HVT,g_INR3
INR3D2,g_INR3
INR3D2T6,g_INR3
INR3D3,g_INR3
INR3D3T6,g_INR3
INR3D4,g_INR3
INR3D4T6,g_INR3
INR3D6,g_INR3
INR4CS1D0P67HVT,g_INR4
INR4CS1D1HVT,g_INR4
INR4CS3D1HVT,g_INR4
INR4D0P67,g_INR4
INR4D1,g_INR4
INR4D1HVT,g_INR4
INR4D2,g_INR4
INR4D2T6,g_INR4
INVCS1D1P33,g_INV
INVCS1D1P33HVT,g_INV
INVCS1D2HVT,g_INV
INVCS1D2_S,g_INV
INVCS1D3,g_INV
INVCS1D3HVT,g_INV
INVCS1D4HVT,g_INV
INVCS1D5,g_INV
INVCS1D6,g_INV
INVCS1D6HVT,g_INV
INVCS1D6_S,g_INV
INVCS1D7,g_INV
INVCS1D8HVT,g_INV
INVCS2D1P33,g_INV
INVCS2D1P33HVT,g_INV
INVCS2D2,g_INV
INVCS2D2HVT,g_INV
INVCS2D2_S,g_INV
INVCS2D3,g_INV
INVCS2D3HVT,g_INV
INVCS2D4,g_INV
INVCS2D4HVT,g_INV
INVCS2D6,g_INV
INVCS2D6HVT,g_INV
INVCS2D6_S,g_INV
INVCS2D8,g_INV
INVCS2D8HVT,g_INV
INVCS3D0P67,g_INV
INVCS3D0P67HVT,g_INV
INVCS3D1HVT,g_INV
INVCS3D1P33,g_INV
INVCS3D1P33HVT,g_INV
INVCS3D2,g_INV
INVCS3D2HVT,g_INV
INVCS3D2_S,g_INV
INVCS3D3,g_INV
INVCS3D3HVT,g_INV
INVCS3D4,g_INV
INVCS3D4HVT,g_INV
INVCS3D6,g_INV
INVCS3D6HVT,g_INV
INVCS3D6_S,g_INV
INVCS3D7HVT,g_INV
INVCS3D8,g_INV
INVCS3D8HVT,g_INV
INVD0P5,g_INV
INVD0P67,g_INV
INVD0P67HVT,g_INV
INVD1,g_INV
INVD10,g_INV
INVD10T6,g_INV
INVD1HVT,g_INV
INVD1P33,g_INV
INVD1P33HVT,g_INV
INVD1T6,g_INV
INVD2,g_INV
INVD20,g_INV
INVD2HVT,g_INV
INVD2T6,g_INV
INVD2_S,g_INV
INVD3,g_INV
INVD3HVT,g_INV
INVD3T6,g_INV
INVD4,g_INV
INVD4HVT,g_INV
INVD4T6,g_INV
INVD5,g_INV
INVD5HVT,g_INV
INVD5T6,g_INV
INVD6,g_INV
INVD6HVT,g_INV
INVD6T6,g_INV
INVD6_S,g_INV
INVD7,g_INV
INVD8,g_INV
INVD8HVT,g_INV
INVD8T6,g_INV
INVD9T6,g_INV
INVX1,g_INV
INVX2,g_INV
INVX3,g_INV
INVX4,g_INV
IOA21CS1D0P67,g_IOA21
IOA21CS1D0P67HVT,g_IOA21
IOA21CS1D1HVT,g_IOA21
IOA21CS1D2HVT,g_IOA21
IOA21CS1D3HVT,g_IOA21
IOA21CS1D4HVT,g_IOA21
IOA21CS2D0P67HVT,g_IOA21
IOA21CS2D1,g_IOA21
IOA21CS2D1HVT,g_IOA21
IOA21CS2D1P33HVT,g_IOA21
IOA21CS2D2,g_IOA21
IOA21CS2D3HVT,g_IOA21
IOA21CS3D0P67HVT,g_IOA21
IOA21CS3D1,g_IOA21
IOA21CS3D1HVT,g_IOA21
IOA21CS3D2HVT,g_IOA21
IOA21CS3D3HVT,g_IOA21
IOA21CS3D4,g_IOA21
IOA21CS3D4HVT,g_IOA21
IOA21D0P67,g_IOA21
IOA21D0P67HVT,g_IOA21
IOA21D1,g_IOA21
IOA21D1HVT,g_IOA21
IOA21D1P33,g_IOA21
IOA21D1P33HVT,g_IOA21
IOA21D1T6,g_IOA21
IOA21D2,g_IOA21
IOA21D2T6,g_IOA21
IOA21D3,g_IOA21
IOA21D3T6,g_IOA21
IOA21D4,g_IOA21
IOA21D4T6,g_IOA21
IOA21D6,g_IOA21
IOA21D6T6,g_IOA21
IOA22CS1D0P67HVT,g_IOA22
IOA22CS1D1HVT,g_IOA22
IOA22CS1D2HVT,g_IOA22
IOA22CS2D0P67HVT,g_IOA22
IOA22CS2D1HVT,g_IOA22
IOA22CS3D0P67HVT,g_IOA22
IOA22CS3D1HVT,g_IOA22
IOA22D0P67,g_IOA22
IOA22D0P67HVT,g_IOA22
IOA22D1,g_IOA22
IOA22D1HVT,g_IOA22
IOA22D1T6,g_IOA22
IOA22D4,g_IOA22
IOA22V2D2T6,g_IOA22
IOAI211CS1D0P67HVT,g_IOAI211
IOAI211CS1D1HVT,g_IOAI211
IOAI211CS2D1HVT,g_IOAI211
IOAI211CS3D1HVT,g_IOAI211
IOAI211D0P67HVT,g_IOAI211
IOAI211D1,g_IOAI211
IOAI211D1HVT,g_IOAI211
IOAI211D1T6,g_IOAI211
IOAI211D2T6,g_IOAI211
IOAI211D3T6,g_IOAI211
IOAI211V2D2T6,g_IOAI211
IOAI211V2D4T6,g_IOAI211
IOAI211V2D6T6,g_IOAI211
IOAI21CS2D2HVT,g_IOAI21
IOAI21CS2D3HVT,g_IOAI21
IOAI21CS3D1HVT,g_IOAI21
IOAI21CS3D2HVT,g_IOAI21
IOAI21CS3D3HVT,g_IOAI21
IOAI21D0P67,g_IOAI21
IOAI21D1,g_IOAI21
IOAI21D1HVT,g_IOAI21
IOAI21D1T6,g_IOAI21
IOAI21D2,g_IOAI21
IOAI21D2T6,g_IOAI21
IOAI21D3,g_IOAI21
IOAI21D4,g_IOAI21
IOAI21D6T6,g_IOAI21
IOR2CS1D0P67HVT,g_IOR2
IOR2CS1D2HVT,g_IOR2
IOR2CS1D4,g_IOR2
IOR2CS1D6HVT,g_IOR2
IOR2CS2D0P67HVT,g_IOR2
IOR2CS2D1HVT,g_IOR2
IOR2CS2D4HVT,g_IOR2
IOR2CS3D0P67HVT,g_IOR2
IOR2CS3D6,g_IOR2
IOR2D0P67,g_IOR2
IOR2D0P67HVT,g_IOR2
IOR2D2,g_IOR2
IOR2D2T6,g_IOR2
IOR2D4,g_IOR2
IOR2D4HVT,g_IOR2
IOR2D4T6,g_IOR2
IOR2D6,g_IOR2
IOR2D6T6,g_IOR2
LHCND1,g_LHCN
LHCND1T6,g_LHCN
LHCND2,g_LHCN
LHCND2T6,g_LHCN
LHCND4,g_LHCN
LHD1,g_LH
LHQD1,g_LHQ
LHQD2,g_LHQ
LHQD2T6,g_LHQ
LHQLPD1,g_LHQ
LHSND1,g_LHSN
LHSND2,g_LHSN
LHSND2T6,g_LHSN
LND1,g_LN
LND1HVT,g_LN
LND1T6,g_LN
LND1T6HVT,g_LN
LND2,g_LN
LND2HVT,g_LN
LND2T6,g_LN
LND4T6,g_LN
LND4T6HLT_S,g_LN
LND4T6SB,g_LN
LND4T6VHT_S,g_LN
LND4T6_S,g_LN
LNQD1,g_LNQ
LNQD1T6,g_LNQ
LNQD2,g_LNQ
MAOI22D1,g_MAOI22
MAOI22V2D1T6,g_MAOI22
MAOI22V2D2T6,g_MAOI22
MOAI22V2D1T6,g_MOAI22
MOAI22V2D2T6,g_MOAI22
MUX2CS1D0P67HVT,g_MUX2
MUX2CS1D1HVT,g_MUX2
MUX2CS1D1T6,g_MUX2
MUX2CS1D2,g_MUX2
MUX2CS1D2HVT,g_MUX2
MUX2CS1D2T6HLT_S,g_MUX2
MUX2CS1D2T6SB,g_MUX2
MUX2CS1D2T6VHT_S,g_MUX2
MUX2CS1D2T6_S,g_MUX2
MUX2CS1D4T6,g_MUX2
MUX2CS2D0P67HVT,g_MUX2
MUX2CS2D1HVT,g_MUX2
MUX2CS2D1T6,g_MUX2
MUX2CS2D2,g_MUX2
MUX2CS2D2HVT,g_MUX2
MUX2CS2D2T6HLT_S,g_MUX2
MUX2CS2D2T6SB,g_MUX2
MUX2CS2D2T6VHT_S,g_MUX2
MUX2CS2D2T6_S,g_MUX2
MUX2CS2D4T6,g_MUX2
MUX2CS3D0P67HVT,g_MUX2
MUX2CS3D1HVT,g_MUX2
MUX2CS3D1T6,g_MUX2
MUX2CS3D2HVT,g_MUX2
MUX2CS3D2T6,g_MUX2
MUX2CS3D2T6HLT_S,g_MUX2
MUX2CS3D2T6SB,g_MUX2
MUX2CS3D2T6VHT_S,g_MUX2
MUX2CS3D2T6_S,g_MUX2
MUX2CS3D4T6,g_MUX2
MUX2D0P67,g_MUX2
MUX2D0P67HVT,g_MUX2
MUX2D1,g_MUX2
MUX2D1HVT,g_MUX2
MUX2D1T6,g_MUX2
MUX2D2,g_MUX2
MUX2D2HVT,g_MUX2
MUX2D2T6,g_MUX2
MUX2D2T6HLT_S,g_MUX2
MUX2D2T6HVT,g_MUX2
MUX2D2T6SB,g_MUX2
MUX2D2T6VHT_S,g_MUX2
MUX2D2_S,g_MUX2
MUX2D4,g_MUX2
MUX2D4T6,g_MUX2
MUX2D4T6HVT,g_MUX2
MUX2HDD2,g_MUX2
MUX2NCS1D0P67HVT,g_MUX2N
MUX2NCS1D1T6,g_MUX2N
MUX2NCS1D2HVT,g_MUX2N
MUX2NCS1D2T6,g_MUX2N
MUX2NCS1D3HVT,g_MUX2N
MUX2NCS1D3T6,g_MUX2N
MUX2NCS1D4T6,g_MUX2N
MUX2NCS2D0P67HVT,g_MUX2N
MUX2NCS2D1T6,g_MUX2N
MUX2NCS2D2T6,g_MUX2N
MUX2NCS2D3T6,g_MUX2N
MUX2NCS2D4T6,g_MUX2N
MUX2NCS3D0P67HVT,g_MUX2N
MUX2NCS3D1T6,g_MUX2N
MUX2NCS3D2T6,g_MUX2N
MUX2NCS3D3HVT,g_MUX2N
MUX2NCS3D3T6,g_MUX2N
MUX2NCS3D4T6,g_MUX2N
MUX2ND1T6,g_MUX2N
MUX2ND2,g_MUX2N
MUX2ND2HVT,g_MUX2N
MUX2ND3HVT,g_MUX2N
MUX2ND3T6,g_MUX2N
MUX2ND4T6,g_MUX2N
MUX2NHDCS1D0P67HVT,g_MUX2N
MUX2NHDCS1D1HVT,g_MUX2N
MUX2NHDCS1D1T6,g_MUX2N
MUX2NHDCS1D2HVT,g_MUX2N
MUX2NHDCS1D2T6,g_MUX2N
MUX2NHDCS2D0P67,g_MUX2N
MUX2NHDCS2D0P67HVT,g_MUX2N
MUX2NHDCS2D1,g_MUX2N
MUX2NHDCS2D1HVT,g_MUX2N
MUX2NHDCS2D2HVT,g_MUX2N
MUX2NHDCS2D2T6,g_MUX2N
MUX2NHDCS3D0P67,g_MUX2N
MUX2NHDCS3D1HVT,g_MUX2N
MUX2NHDCS3D2HVT,g_MUX2N
MUX2NHDCS3D2T6,g_MUX2N
MUX2NHDD0P67,g_MUX2N
MUX2NHDD0P67HVT,g_MUX2N
MUX2NHDD1,g_MUX2N
MUX2NHDD1HVT,g_MUX2N
MUX2NHDD1T6,g_MUX2N
MUX2NHDD2,g_MUX2N
MUX2NHDD2HVT,g_MUX2N
MUX2NHDD2T6,g_MUX2N
MUX3CS1D1T6,g_MUX3
MUX3CS1D2T6,g_MUX3
MUX3CS1D4T6,g_MUX3
MUX3CS2D1T6,g_MUX3
MUX3CS2D2T6,g_MUX3
MUX3CS2D4T6,g_MUX3
MUX3CS3D1T6,g_MUX3
MUX3CS3D2T6,g_MUX3
MUX3CS3D4T6,g_MUX3
MUX3D1,g_MUX3
MUX3D1T6,g_MUX3
MUX3D2T6,g_MUX3
MUX3D4T6,g_MUX3
MUX4CS1D1T6,g_MUX4
MUX4CS1D2T6,g_MUX4
MUX4CS1D4T6,g_MUX4
MUX4CS2D1T6,g_MUX4
MUX4CS2D2T6,g_MUX4
MUX4CS2D4T6,g_MUX4
MUX4CS3D1T6,g_MUX4
MUX4CS3D2T6,g_MUX4
MUX4CS3D4T6,g_MUX4
MUX4D0P5,g_MUX4
MUX4D0P67HVT,g_MUX4
MUX4D1,g_MUX4
MUX4D2T6,g_MUX4
MUX4D4,g_MUX4
MUX4D4T6,g_MUX4
MUX4NCS1D1T6,g_MUX4N
MUX4NCS1D2T6,g_MUX4N
MUX4NCS1D4T6,g_MUX4N
MUX4NCS2D1T6,g_MUX4N
MUX4NCS2D2T6,g_MUX4N
MUX4NCS2D4T6,g_MUX4N
MUX4NCS3D1T6,g_MUX4N
MUX4NCS3D2T6,g_MUX4N
MUX4NCS3D4T6,g_MUX4N
MUX4ND1T6,g_MUX4N
MUX4ND2,g_MUX4N
MUX4ND2T6,g_MUX4N
MUX4ND4T6,g_MUX4N
MUX4V2CS1D4T6,g_MUX4
MUX4V2CS2D4T6,g_MUX4
MUX4V2CS3D4T6,g_MUX4
MUX4V2D4T6,g_MUX4
MX2X4,g_MUX2
MX4X4,g_MUX4
MXI2X4,g_MUX2N
MXI2X6,g_MUX2N
MXI4X4,g_MUX4N
NAND2BX4,g_IND2
NAND2X2,g_ND2
NAND2X4,g_ND2
NAND3X1,g_ND3
NAND3X2,g_ND3
NAND4X2,g_ND4
ND2CS1D1P33,g_ND2
ND2CS1D2,g_ND2
ND2CS1D2HVT,g_ND2
ND2CS1D2_S,g_ND2
ND2CS1D3,g_ND2
ND2CS1D3HVT,g_ND2
ND2CS1D4,g_ND2
ND2CS1D4HVT,g_ND2
ND2CS1D8,g_ND2
ND2CS2D0P67,g_ND2
ND2CS2D0P67HVT,g_ND2
ND2CS2D1,g_ND2
ND2CS2D1HVT,g_ND2
ND2CS2D1P33HVT,g_ND2
ND2CS2D2,g_ND2
ND2CS2D2HVT,g_ND2
ND2CS2D2_S,g_ND2
ND2CS2D3,g_ND2
ND2CS2D3HVT,g_ND2
ND2CS2D4HVT,g_ND2
ND2CS3D0P67,g_ND2
ND2CS3D0P67HVT,g_ND2
ND2CS3D1,g_ND2
ND2CS3D1HVT,g_ND2
ND2CS3D1P33HVT,g_ND2
ND2CS3D2,g_ND2
ND2CS3D2HVT,g_ND2
ND2CS3D2_S,g_ND2
ND2CS3D3HVT,g_ND2
ND2CS3D4,g_ND2
ND2CS3D4HVT,g_ND2
ND2D0P5,g_ND2
ND2D0P67,g_ND2
ND2D0P67HVT,g_ND2
ND2D1,g_ND2
ND2D1HVT,g_ND2
ND2D1P33,g_ND2
ND2D1P33HVT,g_ND2
ND2D1T6,g_ND2
ND2D1T6TOT,g_ND2
ND2D1T6TOT_GD,g_ND2
ND2D2,g_ND2
ND2D2HVT,g_ND2
ND2D2T6,g_ND2
ND2D2_S,g_ND2
ND2D3,g_ND2
ND2D3HVT,g_ND2
ND2D3T6,g_ND2
ND2D4,g_ND2
ND2D4HVT,g_ND2
ND2D4T6,g_ND2
ND2D6T6,g_ND2
ND2D8,g_ND2
ND2D8T6,g_ND2
ND3CS1D0P67HVT,g_ND3
ND3CS1D1HVT,g_ND3
ND3CS1D2,g_ND3
ND3CS2D0P67HVT,g_ND3
ND3CS2D1,g_ND3
ND3CS2D1HVT,g_ND3
ND3CS2D1P33,g_ND3
ND3CS2D2,g_ND3
ND3CS2D2HVT,g_ND3
ND3CS2D4HVT,g_ND3
ND3CS3D0P67HVT,g_ND3
ND3CS3D1,g_ND3
ND3CS3D1HVT,g_ND3
ND3CS3D2,g_ND3
ND3CS3D6HVT,g_ND3
ND3D0P67,g_ND3
ND3D1,g_ND3
ND3D1HVT,g_ND3
ND3D1T6,g_ND3
ND3D2,g_ND3
ND3D2T6,g_ND3
ND3D3,g_ND3
ND3D3T6,g_ND3
ND3D4,g_ND3
ND3D4T6,g_ND3
ND3D6,g_ND3
ND3D6T6,g_ND3
ND4CS1D1HVT,g_ND4
ND4CS1D1_S,g_ND4
ND4CS2D1HVT,g_ND4
ND4CS2D1_S,g_ND4
ND4CS2D2HVT,g_ND4
ND4CS3D0P67HVT,g_ND4
ND4CS3D1HVT,g_ND4
ND4CS3D1_S,g_ND4
ND4D0P67,g_ND4
ND4D1,g_ND4
ND4D12T6,g_ND4
ND4D1HVT,g_ND4
ND4D1T6,g_ND4
ND4D1T6HLT_S,g_ND4
ND4D1T6SB,g_ND4
ND4D1T6VHT_S,g_ND4
ND4D1_S,g_ND4
ND4D2,g_ND4
ND4D2HVT,g_ND4
ND4D2T6,g_ND4
ND4D3,g_ND4
ND4D3T6,g_ND4
ND4D4T6,g_ND4
ND4D6T6,g_ND4
ND4D8,g_ND4
NOR2X2,g_NR2
NOR3X4,g_NR3
NR2CS1D1P33,g_NR2
NR2CS1D1P33HVT,g_NR2
NR2CS1D2,g_NR2
NR2CS1D2HVT,g_NR2
NR2CS1D2_S,g_NR2
NR2CS1D3HVT,g_NR2
NR2CS1D4HVT,g_NR2
NR2CS2D0P67,g_NR2
NR2CS2D0P67HVT,g_NR2
NR2CS2D1HVT,g_NR2
NR2CS2D2HVT,g_NR2
NR2CS2D2_S,g_NR2
NR2CS2D3,g_NR2
NR2CS2D3HVT,g_NR2
NR2CS2D4HVT,g_NR2
NR2CS3D0P67,g_NR2
NR2CS3D0P67HVT,g_NR2
NR2CS3D1,g_NR2
NR2CS3D1HVT,g_NR2
NR2CS3D1P33,g_NR2
NR2CS3D1P33HVT,g_NR2
NR2CS3D2HVT,g_NR2
NR2CS3D2_S,g_NR2
NR2CS3D3,g_NR2
NR2CS3D4HVT,g_NR2
NR2CS3D8HVT,g_NR2
NR2D0P67,g_NR2
NR2D0P67HVT,g_NR2
NR2D1,g_NR2
NR2D1HVT,g_NR2
NR2D1P33,g_NR2
NR2D1P33HVT,g_NR2
NR2D1T6,g_NR2
NR2D2,g_NR2
NR2D2HVT,g_NR2
NR2D2T6,g_NR2
NR2D2_S,g_NR2
NR2D3,g_NR2
NR2D3HVT,g_NR2
NR2D3T6,g_NR2
NR2D4,g_NR2
NR2D4HVT,g_NR2
NR2D4T6,g_NR2
NR2D8,g_NR2
NR2D8HVT,g_NR2
NR2D8T6,g_NR2
NR3CS1D0P67,g_NR3
NR3CS1D0P67HVT,g_NR3
NR3CS1D1HVT,g_NR3
NR3CS1D1_S,g_NR3
NR3CS2D0P67HVT,g_NR3
NR3CS2D1HVT,g_NR3
NR3CS2D1P33,g_NR3
NR3CS2D1P33HVT,g_NR3
NR3CS2D1_S,g_NR3
NR3CS3D0P67HVT,g_NR3
NR3CS3D1HVT,g_NR3
NR3CS3D1P33HVT,g_NR3
NR3CS3D1_S,g_NR3
NR3CS3D2HVT,g_NR3
NR3D0P67,g_NR3
NR3D0P67HVT,g_NR3
NR3D1,g_NR3
NR3D1HVT,g_NR3
NR3D1P33,g_NR3
NR3D1T6,g_NR3
NR3D1_S,g_NR3
NR3D2,g_NR3
NR3D2T6,g_NR3
NR3D3,g_NR3
NR3D3T6,g_NR3
NR3D6,g_NR3
NR3D6T6,g_NR3
NR3D8,g_NR3
NR3D8T6,g_NR3
NR4CS1D0P67HVT,g_NR4
NR4CS1D1HVT,g_NR4
NR4CS1D1P33HVT,g_NR4
NR4CS2D0P67,g_NR4
NR4CS2D0P67HVT,g_NR4
NR4CS2D1HVT,g_NR4
NR4CS2D1P33HVT,g_NR4
NR4CS3D0P67,g_NR4
NR4CS3D0P67HVT,g_NR4
NR4CS3D1P33HVT,g_NR4
NR4D0P67,g_NR4
NR4D0P67HVT,g_NR4
NR4D1,g_NR4
NR4D1HVT,g_NR4
NR4D1P33,g_NR4
NR4D1P33HVT,g_NR4
NR4D1T6,g_NR4
NR4D2,g_NR4
NR4D2T6,g_NR4
NR4D3,g_NR4
NR4D3T6,g_NR4
NR4D4,g_NR4
NR4D4T6,g_NR4
NR4D6,g_NR4
NR4D8,g_NR4
NVT_CKBFABRICD20,g_CKB
NVT_CKBFABRICD32,g_CKB
NVT_CKLNCNQD2,g_CKLNCNQ
NVT_CKLNCNQD2T6,g_CKLNCNQ
NVT_CKLNCNQV6D2T6,g_CKLNCNQ
NVT_CKNFABRICD20,g_CKN
NVT_CKNFABRICD24,g_CKN
NVT_CKNFABRICD32,g_CKN
NVT_RES2D_M0X20M1X20M2X20M3X20M4X20,g_RES2
NV_BLKBOX_BUFFER,g_BLKBOX_BUFFER
NV_BLKBOX_SINK,g_BLKBOX_SINK
NV_BLKBOX_SRC0,g_BLKBOX_SRC0
NV_BLKBOX_SRC1,g_BLKBOX_SRC1
NV_CLK_buffer4_X8,g_CKB
NV_DCAPTESTT6,g_DCAPTEST
NV_INVTCD4,g_INVTC
NV_INVTCD4HVT,g_INVTC
NV_INVTCD4T6HVT,g_INVTC
NV_PLACEHOLDER_ISINKT6,g_AN2
OA211CS1D1T6,g_OA211
OA211CS1D2HVT,g_OA211
OA211CS1D2T6,g_OA211
OA211CS1D3T6,g_OA211
OA211CS1D4T6,g_OA211
OA211CS1D6T6,g_OA211
OA211CS2D0P67HVT,g_OA211
OA211CS2D1T6,g_OA211
OA211CS2D2HVT,g_OA211
OA211CS2D2T6,g_OA211
OA211CS2D3T6,g_OA211
OA211CS2D4T6,g_OA211
OA211CS2D6T6,g_OA211
OA211CS3D0P67HVT,g_OA211
OA211CS3D1T6,g_OA211
OA211CS3D2HVT,g_OA211
OA211CS3D2T6,g_OA211
OA211CS3D3T6,g_OA211
OA211CS3D4T6,g_OA211
OA211CS3D6T6,g_OA211
OA211D0P67,g_OA211
OA211D1,g_OA211
OA211D2,g_OA211
OA211D2HVT,g_OA211
OA211D3T6,g_OA211
OA211D4T6,g_OA211
OA211D6T6,g_OA211
OA211V2CS1D1T6,g_OA211
OA211V2CS1D4T6,g_OA211
OA211V2CS1D6T6,g_OA211
OA211V2CS2D1T6,g_OA211
OA211V2CS2D4T6,g_OA211
OA211V2CS2D6T6,g_OA211
OA211V2CS3D1T6,g_OA211
OA211V2CS3D4T6,g_OA211
OA211V2CS3D6T6,g_OA211
OA211V2D1T6,g_OA211
OA211V2D4T6,g_OA211
OA211V2D6T6,g_OA211
OA21CS1D0P67HVT,g_OA21
OA21CS1D1HVT,g_OA21
OA21CS1D1T6,g_OA21
OA21CS1D2T6,g_OA21
OA21CS1D3T6,g_OA21
OA21CS1D4T6,g_OA21
OA21CS1D6T6,g_OA21
OA21CS2D0P67HVT,g_OA21
OA21CS2D1HVT,g_OA21
OA21CS2D1T6,g_OA21
OA21CS2D2T6,g_OA21
OA21CS2D3T6,g_OA21
OA21CS2D4T6,g_OA21
OA21CS2D6T6,g_OA21
OA21CS3D0P67,g_OA21
OA21CS3D0P67HVT,g_OA21
OA21CS3D1HVT,g_OA21
OA21CS3D2T6,g_OA21
OA21CS3D3T6,g_OA21
OA21CS3D4T6,g_OA21
OA21CS3D6T6,g_OA21
OA21D0P67,g_OA21
OA21D0P67HVT,g_OA21
OA21D1,g_OA21
OA21D1HVT,g_OA21
OA21D1T6,g_OA21
OA21D2,g_OA21
OA21D2T6,g_OA21
OA21D3T6,g_OA21
OA21D4,g_OA21
OA21D4T6,g_OA21
OA21D6T6,g_OA21
OA221CS1D1T6,g_OA221
OA221CS1D2T6,g_OA221
OA221CS1D3T6,g_OA221
OA221CS1D4T6,g_OA221
OA221CS1D6T6,g_OA221
OA221CS2D1T6,g_OA221
OA221CS2D2T6,g_OA221
OA221CS2D3T6,g_OA221
OA221CS2D4T6,g_OA221
OA221CS2D6T6,g_OA221
OA221CS3D1T6,g_OA221
OA221CS3D2T6,g_OA221
OA221CS3D3T6,g_OA221
OA221CS3D4T6,g_OA221
OA221CS3D6T6,g_OA221
OA221D0P67,g_OA221
OA221D2T6,g_OA221
OA221D3T6,g_OA221
OA221D4T6,g_OA221
OA221D6T6,g_OA221
OA22CS1D1T6,g_OA22
OA22CS1D2T6,g_OA22
OA22CS1D3T6,g_OA22
OA22CS1D4T6,g_OA22
OA22CS1D6T6,g_OA22
OA22CS2D1T6,g_OA22
OA22CS2D2T6,g_OA22
OA22CS2D3T6,g_OA22
OA22CS2D4T6,g_OA22
OA22CS2D6T6,g_OA22
OA22CS3D1T6,g_OA22
OA22CS3D2T6,g_OA22
OA22CS3D3T6,g_OA22
OA22CS3D4T6,g_OA22
OA22CS3D6T6,g_OA22
OA22D1,g_OA22
OA22D1T6,g_OA22
OA22D2,g_OA22
OA22D3T6,g_OA22
OA22D4,g_OA22
OA22D6T6,g_OA22
OA31CS1D0P67HVT,g_OA31
OA31CS1D1T6,g_OA31
OA31CS1D2T6,g_OA31
OA31CS1D3T6,g_OA31
OA31CS1D4T6,g_OA31
OA31CS1D6T6,g_OA31
OA31CS2D1HVT,g_OA31
OA31CS2D1T6,g_OA31
OA31CS2D2T6,g_OA31
OA31CS2D3T6,g_OA31
OA31CS2D4T6,g_OA31
OA31CS2D6T6,g_OA31
OA31CS3D1T6,g_OA31
OA31CS3D2T6,g_OA31
OA31CS3D3T6,g_OA31
OA31CS3D4T6,g_OA31
OA31CS3D6T6,g_OA31
OA31D1,g_OA31
OA31D1HVT,g_OA31
OA31D1T6,g_OA31
OA31D2,g_OA31
OA31D2T6,g_OA31
OA31D3T6,g_OA31
OA31D4T6,g_OA31
OA31D6T6,g_OA31
OAI211CS1D0P67,g_OAI211
OAI211CS1D0P67HVT,g_OAI211
OAI211CS1D1HVT,g_OAI211
OAI211CS1D2HVT,g_OAI211
OAI211CS1D2T6,g_OAI211
OAI211CS1D3T6,g_OAI211
OAI211CS1D4T6,g_OAI211
OAI211CS1D6T6,g_OAI211
OAI211CS2D0P67HVT,g_OAI211
OAI211CS2D1,g_OAI211
OAI211CS2D1HVT,g_OAI211
OAI211CS2D2T6,g_OAI211
OAI211CS2D3T6,g_OAI211
OAI211CS2D4T6,g_OAI211
OAI211CS2D6T6,g_OAI211
OAI211CS3D0P67,g_OAI211
OAI211CS3D0P67HVT,g_OAI211
OAI211CS3D1HVT,g_OAI211
OAI211CS3D2HVT,g_OAI211
OAI211CS3D2T6,g_OAI211
OAI211CS3D3T6,g_OAI211
OAI211CS3D4T6,g_OAI211
OAI211CS3D6T6,g_OAI211
OAI211D0P67,g_OAI211
OAI211D0P67HVT,g_OAI211
OAI211D1,g_OAI211
OAI211D1HVT,g_OAI211
OAI211D1P33,g_OAI211
OAI211D1P33HVT,g_OAI211
OAI211D1T6,g_OAI211
OAI211D2,g_OAI211
OAI211D2HVT,g_OAI211
OAI211D2T6,g_OAI211
OAI211D3,g_OAI211
OAI211D3T6,g_OAI211
OAI211D4,g_OAI211
OAI211D4T6,g_OAI211
OAI211D6,g_OAI211
OAI21CS1D0P67,g_OAI21
OAI21CS1D0P67HVT,g_OAI21
OAI21CS1D1,g_OAI21
OAI21CS1D1HVT,g_OAI21
OAI21CS1D1P33,g_OAI21
OAI21CS1D1P33HVT,g_OAI21
OAI21CS1D2,g_OAI21
OAI21CS1D2HVT,g_OAI21
OAI21CS1D3T6,g_OAI21
OAI21CS1D4HVT,g_OAI21
OAI21CS1D4T6,g_OAI21
OAI21CS1D6T6,g_OAI21
OAI21CS2D0P67,g_OAI21
OAI21CS2D0P67HVT,g_OAI21
OAI21CS2D1,g_OAI21
OAI21CS2D1HVT,g_OAI21
OAI21CS2D1P33,g_OAI21
OAI21CS2D1P33HVT,g_OAI21
OAI21CS2D2,g_OAI21
OAI21CS2D2HVT,g_OAI21
OAI21CS2D3T6,g_OAI21
OAI21CS2D4T6,g_OAI21
OAI21CS2D6T6,g_OAI21
OAI21CS3D0P67HVT,g_OAI21
OAI21CS3D1,g_OAI21
OAI21CS3D1HVT,g_OAI21
OAI21CS3D1P33HVT,g_OAI21
OAI21CS3D2,g_OAI21
OAI21CS3D2HVT,g_OAI21
OAI21CS3D3,g_OAI21
OAI21CS3D4HVT,g_OAI21
OAI21CS3D4T6,g_OAI21
OAI21CS3D6T6,g_OAI21
OAI21D0P67,g_OAI21
OAI21D0P67HVT,g_OAI21
OAI21D1,g_OAI21
OAI21D1HVT,g_OAI21
OAI21D1P33,g_OAI21
OAI21D1T6,g_OAI21
OAI21D2,g_OAI21
OAI21D2HVT,g_OAI21
OAI21D2T6,g_OAI21
OAI21D3,g_OAI21
OAI21D4,g_OAI21
OAI21D4T6,g_OAI21
OAI21D6T6,g_OAI21
OAI221CS1D1HVT,g_OAI221
OAI221CS1D1T6,g_OAI221
OAI221CS1D2HVT,g_OAI221
OAI221CS1D2T6,g_OAI221
OAI221CS1D3T6,g_OAI221
OAI221CS1D4T6,g_OAI221
OAI221CS1D6T6,g_OAI221
OAI221CS2D1HVT,g_OAI221
OAI221CS2D1T6,g_OAI221
OAI221CS2D2HVT,g_OAI221
OAI221CS2D2T6,g_OAI221
OAI221CS2D3T6,g_OAI221
OAI221CS2D4T6,g_OAI221
OAI221CS2D6T6,g_OAI221
OAI221CS3D0P67,g_OAI221
OAI221CS3D0P67HVT,g_OAI221
OAI221CS3D1HVT,g_OAI221
OAI221CS3D2HVT,g_OAI221
OAI221CS3D2T6,g_OAI221
OAI221CS3D3T6,g_OAI221
OAI221CS3D4T6,g_OAI221
OAI221CS3D6T6,g_OAI221
OAI221D0P67,g_OAI221
OAI221D1,g_OAI221
OAI221D1HVT,g_OAI221
OAI221D1T6,g_OAI221
OAI221D2HVT,g_OAI221
OAI221D2T6,g_OAI221
OAI221D3T6,g_OAI221
OAI221D4T6,g_OAI221
OAI221D6T6,g_OAI221
OAI2222CS1D1T6,g_OAI2222
OAI2222CS1D2T6,g_OAI2222
OAI2222CS2D1T6,g_OAI2222
OAI2222CS2D2T6,g_OAI2222
OAI2222CS3D1T6,g_OAI2222
OAI2222CS3D2T6,g_OAI2222
OAI2222D1T6,g_OAI2222
OAI2222D2T6,g_OAI2222
OAI222CS1D0P67HVT,g_OAI222
OAI222CS1D1HVT,g_OAI222
OAI222CS1D1T6,g_OAI222
OAI222CS1D2T6,g_OAI222
OAI222CS1D3T6,g_OAI222
OAI222CS1D4T6,g_OAI222
OAI222CS1D6T6,g_OAI222
OAI222CS2D1T6,g_OAI222
OAI222CS2D2T6,g_OAI222
OAI222CS2D3T6,g_OAI222
OAI222CS2D4T6,g_OAI222
OAI222CS2D6T6,g_OAI222
OAI222CS3D1T6,g_OAI222
OAI222CS3D2T6,g_OAI222
OAI222CS3D3T6,g_OAI222
OAI222CS3D4T6,g_OAI222
OAI222CS3D6T6,g_OAI222
OAI222D1,g_OAI222
OAI222D1HVT,g_OAI222
OAI222D1T6,g_OAI222
OAI222D2,g_OAI222
OAI222D3T6,g_OAI222
OAI222D4T6,g_OAI222
OAI222D6T6,g_OAI222
OAI222MB2P111CS1D1T6,g_OAI222
OAI222MB2P111CS2D1T6,g_OAI222
OAI222MB2P111CS3D1T6,g_OAI222
OAI222MB2P111D1T6,g_OAI222
OAI22CS1D0P67,g_OAI22
OAI22CS1D0P67HVT,g_OAI22
OAI22CS1D1HVT,g_OAI22
OAI22CS1D1P33,g_OAI22
OAI22CS1D1P33HVT,g_OAI22
OAI22CS1D2HVT,g_OAI22
OAI22CS1D3T6,g_OAI22
OAI22CS1D4T6,g_OAI22
OAI22CS1D6T6,g_OAI22
OAI22CS2D0P67,g_OAI22
OAI22CS2D0P67HVT,g_OAI22
OAI22CS2D1HVT,g_OAI22
OAI22CS2D1P33HVT,g_OAI22
OAI22CS2D2HVT,g_OAI22
OAI22CS2D2T6,g_OAI22
OAI22CS2D3T6,g_OAI22
OAI22CS2D4T6,g_OAI22
OAI22CS2D6T6,g_OAI22
OAI22CS3D0P67,g_OAI22
OAI22CS3D0P67HVT,g_OAI22
OAI22CS3D1,g_OAI22
OAI22CS3D1HVT,g_OAI22
OAI22CS3D2,g_OAI22
OAI22CS3D2HVT,g_OAI22
OAI22CS3D3T6,g_OAI22
OAI22CS3D4T6,g_OAI22
OAI22CS3D6T6,g_OAI22
OAI22D0P67,g_OAI22
OAI22D0P67HVT,g_OAI22
OAI22D1,g_OAI22
OAI22D1HVT,g_OAI22
OAI22D1P33,g_OAI22
OAI22D1P33HVT,g_OAI22
OAI22D1T6,g_OAI22
OAI22D2,g_OAI22
OAI22D2HVT,g_OAI22
OAI22D2T6,g_OAI22
OAI22D3HVT,g_OAI22
OAI22D3T6,g_OAI22
OAI22D4,g_OAI22
OAI22D4T6,g_OAI22
OAI22D6T6,g_OAI22
OAI31CS1D0P67HVT,g_OAI31
OAI31CS1D1T6,g_OAI31
OAI31CS1D2,g_OAI31
OAI31CS1D2HVT,g_OAI31
OAI31CS1D3T6,g_OAI31
OAI31CS1D4T6,g_OAI31
OAI31CS1D6T6,g_OAI31
OAI31CS2D0P67,g_OAI31
OAI31CS2D0P67HVT,g_OAI31
OAI31CS2D1HVT,g_OAI31
OAI31CS2D2HVT,g_OAI31
OAI31CS2D2T6,g_OAI31
OAI31CS2D3T6,g_OAI31
OAI31CS2D4HVT,g_OAI31
OAI31CS2D4T6,g_OAI31
OAI31CS2D6T6,g_OAI31
OAI31CS3D0P67HVT,g_OAI31
OAI31CS3D1HVT,g_OAI31
OAI31CS3D1T6,g_OAI31
OAI31CS3D2T6,g_OAI31
OAI31CS3D3T6,g_OAI31
OAI31CS3D4T6,g_OAI31
OAI31CS3D6T6,g_OAI31
OAI31D0P67,g_OAI31
OAI31D0P67HVT,g_OAI31
OAI31D1,g_OAI31
OAI31D1T6,g_OAI31
OAI31D2,g_OAI31
OAI31D2T6,g_OAI31
OAI31D3,g_OAI31
OAI31D4,g_OAI31
OAI31D6T6,g_OAI31
OAI32CS1D0P67HVT,g_OAI32
OAI32CS1D1HVT,g_OAI32
OAI32CS1D1T6,g_OAI32
OAI32CS1D2T6,g_OAI32
OAI32CS1D3T6,g_OAI32
OAI32CS1D4T6,g_OAI32
OAI32CS1D6T6,g_OAI32
OAI32CS2D1HVT,g_OAI32
OAI32CS2D1T6,g_OAI32
OAI32CS2D2T6,g_OAI32
OAI32CS2D3T6,g_OAI32
OAI32CS2D4T6,g_OAI32
OAI32CS2D6T6,g_OAI32
OAI32CS3D1T6,g_OAI32
OAI32CS3D2T6,g_OAI32
OAI32CS3D3T6,g_OAI32
OAI32CS3D4T6,g_OAI32
OAI32CS3D6T6,g_OAI32
OAI32D1,g_OAI32
OAI32D1T6,g_OAI32
OAI32D2T6,g_OAI32
OAI32D3T6,g_OAI32
OAI32D4T6,g_OAI32
OAI32D6T6,g_OAI32
OAI33CS1D1T6,g_OAI33
OAI33CS1D2T6,g_OAI33
OAI33CS1D3T6,g_OAI33
OAI33CS1D4T6,g_OAI33
OAI33CS1D6T6,g_OAI33
OAI33CS2D1T6,g_OAI33
OAI33CS2D2T6,g_OAI33
OAI33CS2D3T6,g_OAI33
OAI33CS2D4T6,g_OAI33
OAI33CS2D6T6,g_OAI33
OAI33CS3D1T6,g_OAI33
OAI33CS3D2T6,g_OAI33
OAI33CS3D3T6,g_OAI33
OAI33CS3D4T6,g_OAI33
OAI33CS3D6T6,g_OAI33
OAI33D1T6,g_OAI33
OAI33D2T6,g_OAI33
OAI33D3T6,g_OAI33
OAI33D4T6,g_OAI33
OAI33D6T6,g_OAI33
OAOI211CS1D0P67,g_OAOI211
OAOI211CS1D0P67HVT,g_OAOI211
OAOI211CS1D1HVT,g_OAOI211
OAOI211CS1D2HVT,g_OAOI211
OAOI211CS1D2T6,g_OAOI211
OAOI211CS1D3T6,g_OAOI211
OAOI211CS1D4T6,g_OAOI211
OAOI211CS1D6T6,g_OAOI211
OAOI211CS2D0P67,g_OAOI211
OAOI211CS2D0P67HVT,g_OAOI211
OAOI211CS2D1HVT,g_OAOI211
OAOI211CS2D1P33HVT,g_OAOI211
OAOI211CS2D2T6,g_OAOI211
OAOI211CS2D3T6,g_OAOI211
OAOI211CS2D4T6,g_OAOI211
OAOI211CS2D6T6,g_OAOI211
OAOI211CS3D0P67,g_OAOI211
OAOI211CS3D0P67HVT,g_OAOI211
OAOI211CS3D1HVT,g_OAOI211
OAOI211CS3D1P33,g_OAOI211
OAOI211CS3D3T6,g_OAOI211
OAOI211CS3D4T6,g_OAOI211
OAOI211CS3D6T6,g_OAOI211
OAOI211D0P67,g_OAOI211
OAOI211D0P67HVT,g_OAOI211
OAOI211D1,g_OAOI211
OAOI211D1HVT,g_OAOI211
OAOI211D1P33,g_OAOI211
OAOI211D1T6,g_OAOI211
OAOI211D2,g_OAOI211
OAOI211D2HVT,g_OAOI211
OAOI211D2T6,g_OAOI211
OAOI211D3,g_OAOI211
OAOI211D3HVT,g_OAOI211
OAOI211D3T6,g_OAOI211
OAOI211D4,g_OAOI211
OAOI211D6,g_OAOI211
OAOI212CS1D1T6,g_OAOI212
OAOI212CS1D2T6,g_OAOI212
OAOI212CS2D1T6,g_OAOI212
OAOI212CS2D2T6,g_OAOI212
OAOI212CS3D1T6,g_OAOI212
OAOI212CS3D2T6,g_OAOI212
OAOI212D1T6,g_OAOI212
OAOI212D2T6,g_OAOI212
OR2CS1D0P67,g_OR2
OR2CS1D0P67HVT,g_OR2
OR2CS1D10T6,g_OR2
OR2CS1D1HVT,g_OR2
OR2CS1D2T6,g_OR2
OR2CS1D3T6,g_OR2
OR2CS1D4,g_OR2
OR2CS1D8T6,g_OR2
OR2CS2D0P67,g_OR2
OR2CS2D0P67HVT,g_OR2
OR2CS2D10T6,g_OR2
OR2CS2D1HVT,g_OR2
OR2CS2D1P33HVT,g_OR2
OR2CS2D2T6,g_OR2
OR2CS2D3T6,g_OR2
OR2CS2D4T6,g_OR2
OR2CS2D8T6,g_OR2
OR2CS3D0P67,g_OR2
OR2CS3D0P67HVT,g_OR2
OR2CS3D10T6,g_OR2
OR2CS3D1HVT,g_OR2
OR2CS3D1P33,g_OR2
OR2CS3D1P33HVT,g_OR2
OR2CS3D3T6,g_OR2
OR2CS3D4HVT,g_OR2
OR2CS3D4T6,g_OR2
OR2CS3D8T6,g_OR2
OR2D0P67,g_OR2
OR2D0P67HVT,g_OR2
OR2D1,g_OR2
OR2D10T6,g_OR2
OR2D1HVT,g_OR2
OR2D1T6,g_OR2
OR2D1T6HVT,g_OR2
OR2D2,g_OR2
OR2D2HVT,g_OR2
OR2D2T6,g_OR2
OR2D3,g_OR2
OR2D3HVT,g_OR2
OR2D3T6,g_OR2
OR2D4,g_OR2
OR2D4HVT,g_OR2
OR2D4T6,g_OR2
OR2D8,g_OR2
OR2D8T6,g_OR2
OR2X2,g_OR2
OR3CS1D1T6,g_OR3
OR3CS1D2HVT,g_OR3
OR3CS1D2T6,g_OR3
OR3CS1D4T6,g_OR3
OR3CS1D8T6,g_OR3
OR3CS2D1T6,g_OR3
OR3CS2D2T6,g_OR3
OR3CS2D4T6,g_OR3
OR3CS2D8T6,g_OR3
OR3CS3D1T6,g_OR3
OR3CS3D2HVT,g_OR3
OR3CS3D2T6,g_OR3
OR3CS3D4T6,g_OR3
OR3CS3D8T6,g_OR3
OR3D0P67,g_OR3
OR3D1,g_OR3
OR3D1T6,g_OR3
OR3D2,g_OR3
OR3D2T6,g_OR3
OR3D4T6,g_OR3
OR3D8T6,g_OR3
OR3X4,g_OR3
OR4CS1D1T6,g_OR4
OR4CS1D2T6,g_OR4
OR4CS1D4T6,g_OR4
OR4CS1D8T6,g_OR4
OR4CS2D1T6,g_OR4
OR4CS2D2T6,g_OR4
OR4CS2D4T6,g_OR4
OR4CS2D8T6,g_OR4
OR4CS3D0P67HVT,g_OR4
OR4CS3D1T6,g_OR4
OR4CS3D2T6,g_OR4
OR4CS3D4T6,g_OR4
OR4CS3D8T6,g_OR4
OR4D0P67,g_OR4
OR4D1,g_OR4
OR4D1T6,g_OR4
OR4D2,g_OR4
OR4D2T6,g_OR4
OR4D4,g_OR4
OR4D8T6,g_OR4
PGAOPV_AN2D2,g_AN2
PGAOPV_BUFFD12T6,g_BUFF
PGAOPV_BUFFD2,g_BUFF
PGAOPV_BUFFD2T6,g_BUFF
PGAOPV_BUFFD4,g_BUFF
PGAOPV_BUFFD4T6,g_BUFF
PGAOPV_BUFFD8,g_BUFF
PGAOPV_BUFFD8HVT,g_BUFF
PGAOPV_BUFFD8T6,g_BUFF
PGAOPV_CKBD2,g_CKB
PGAOPV_CKBD8,g_CKB
PGAOPV_CKBD8T6,g_CKB
PGAOPV_CKLNQD6,g_CKLNQ
PGAOPV_CKLNQD6HVT,g_CKLNQ
PGAOPV_CKLNQD6T6,g_CKLNQ
PGAOPV_CKLNQD8,g_CKLNQ
PGAOPV_CKLNQD8T6,g_CKLNQ
PGAOPV_CKLNQLPD2,g_CKLNQ
PGAOPV_CKND2,g_CKN
PGAOPV_CKND20T6,g_CKN
PGAOPV_CKND2T6,g_CKN
PGAOPV_DFCNQD2,g_DFCNQ
PGAOPV_DFCNQD2HVT,g_DFCNQ
PGAOPV_DFCNQD2T6,g_DFCNQ
PGAOPV_DFSNQD2,g_DFSNQ
PGAOPV_INR2D2,g_INR2
PGAOPV_INR2D2T6,g_INR2
PGAOPV_INVD12,g_INV
PGAOPV_INVD2,g_INV
PGAOPV_INVD8,g_INV
PGAOPV_LHCND1,g_LHCN
PGAOPV_LHCND1T6,g_LHCN
PGAOPV_LHSND1,g_LHSN
PGAOPV_LND4,g_LN
PGAOPV_LND4HVT,g_LN
PGAOPV_MUX2D2,g_MUX2
PGAOPV_MUX2D2HVT,g_MUX2
PGAOPV_MUX2D2T6,g_MUX2
PGAOPV_OR2D2,g_OR2
PGAOPV_OR2D2PO4,g_OR2
PGAOPV_OR2D2T6,g_OR2
PGAOPV_SDFCND2,g_SDFCN
PGAOPV_SDFCNQD2T6,g_SDFCNQ
PGAOPV_SDFQD2,g_SDFQ
PGAOP_AN2D2,g_AN2
PGAOP_CKLNQD12,g_CKLNQ
PGAOP_INVD2,g_INV
PGAOP_OR2D2,g_OR2
SDFCND1,g_SDFCN
SDFCND1HVT,g_SDFCN
SDFCND1T6,g_SDFCN
SDFCND1T6HVT,g_SDFCN
SDFCND2,g_SDFCN
SDFCND2HVT,g_SDFCN
SDFCND2T6,g_SDFCN
SDFCND4,g_SDFCN
SDFCND4T6,g_SDFCN
SDFCNMDD12T6,g_SDFCN
SDFCNMDD1T6,g_SDFCN
SDFCNMDD2,g_SDFCN
SDFCNMDD4T6,g_SDFCN
SDFCNMDD8T6,g_SDFCN
SDFCNQD1,g_SDFCNQ
SDFCNQD1HVT,g_SDFCNQ
SDFCNQD1P33HVT,g_SDFCNQ
SDFCNQD1T6,g_SDFCNQ
SDFCNQD2,g_SDFCNQ
SDFCNQD2LVT,g_SDFCNQ
SDFCNQD2T6,g_SDFCNQ
SDFCNQD4HVT,g_SDFCNQ
SDFCNQD4T6,g_SDFCNQ
SDFCNQDTD1HVT,g_SDFCNQ
SDFCNQDTD2HVT,g_SDFCNQ
SDFCNQDTD4HVT,g_SDFCNQ
SDFCNQLPD1HVT,g_SDFCNQ
SDFCNQLPD1T6,g_SDFCNQ
SDFCNQMDD12T6,g_SDFCNQ
SDFCNQMDD1T6,g_SDFCNQ
SDFCNQMDD2T6,g_SDFCNQ
SDFCNQMDD2T6HLT_S,g_SDFCNQ
SDFCNQMDD2T6SB,g_SDFCNQ
SDFCNQMDD2T6VHT_S,g_SDFCNQ
SDFCNQMDD2T6_S,g_SDFCNQ
SDFCNQMDD4T6,g_SDFCNQ
SDFCNQMDD8T6,g_SDFCNQ
SDFCNQSC2SE1D1HVT,g_SDFCNQ
SDFCNQSC2SE1D1T6,g_SDFCNQ
SDFCNQSC2SE1D2T6,g_SDFCNQ
SDFCNQSC2SE1LPD1T6,g_SDFCNQ
SDFCNQSC2SE1SI1D1,g_SDFCNQ
SDFCNQSC2SE1SI1D1HVT,g_SDFCNQ
SDFCNQSC2SE1SI1D2T6,g_SDFCNQ
SDFCNQSC2SE1SI1DTD1HVT,g_SDFCNQ
SDFCNQSC2SE1SI1LPD1T6,g_SDFCNQ
SDFCNQSC2SE1SI1SSD1HVT,g_SDFCNQ
SDFCNQSC2SE1SI1SSD1T6,g_SDFCNQ
SDFCNQSC2SE1SI1SSD1T6HVT,g_SDFCNQ
SDFCNQSC2SE1SSD1T6,g_SDFCNQ
SDFCNQSC4SE1D1,g_SDFCNQ
SDFCNQSC4SE1D1HVT,g_SDFCNQ
SDFCNQSC4SE1LPD1T6,g_SDFCNQ
SDFCNQSC4SE1SI1D1HVT,g_SDFCNQ
SDFCNQSC4SE1SI1D1T6,g_SDFCNQ
SDFCNQSC4SE1SI1LPD1HVT,g_SDFCNQ
SDFCNQSC4SE1SI1LPD1T6,g_SDFCNQ
SDFCNQSRLPD1HVT,g_SDFCNQ
SDFCNQSRLPD1T6,g_SDFCNQ
SDFCNQSSD1HVT,g_SDFCNQ
SDFCNQSSD1T6,g_SDFCNQ
SDFCNQSSD1T6HVT,g_SDFCNQ
SDFCSND2SB,g_SDFCSN
SDFCSND2T6HLT_S,g_SDFCSN
SDFCSND2T6SB,g_SDFCSN
SDFCSND2T6VHT_S,g_SDFCSN
SDFCSND2_S,g_SDFCSN
SDFD0P67,g_SDF
SDFD1,g_SDF
SDFD1HVT,g_SDF
SDFD1T6,g_SDF
SDFD2,g_SDF
SDFD2T6,g_SDF
SDFD4,g_SDF
SDFD4T6,g_SDF
SDFD8,g_SDF
SDFLPD1HVT,g_SDF
SDFLPD1T6,g_SDF
SDFMDD1T6,g_SDF
SDFMDD2T6,g_SDF
SDFMDD4T6,g_SDF
SDFMDD8T6,g_SDF
SDFNCNQD1,g_SDFNCNQ
SDFNCNQD1HVT,g_SDFNCNQ
SDFNCNQD2,g_SDFNCNQ
SDFNCNQD2HVT,g_SDFNCNQ
SDFNCNQD2T6,g_SDFNCNQ
SDFNCNQMDD4HVT,g_SDFNCNQ
SDFND1,g_SDFN
SDFND1HVT,g_SDFN
SDFND1T6,g_SDFN
SDFND2T6,g_SDFN
SDFNQD1T6,g_SDFNQ
SDFNQD2T6,g_SDFNQ
SDFQD0P67,g_SDFQ
SDFQD1,g_SDFQ
SDFQD1HVT,g_SDFQ
SDFQD1P33,g_SDFQ
SDFQD1T6,g_SDFQ
SDFQD2,g_SDFQ
SDFQD2T6,g_SDFQ
SDFQD4,g_SDFQ
SDFQD4T6,g_SDFQ
SDFQD8,g_SDFQ
SDFQGCP0D1T6,g_SDFQ
SDFQGCPD1T6,g_SDFQ
SDFQHDD1T6,g_SDFQ
SDFQHDD2T6,g_SDFQ
SDFQHDLPD1HVT,g_SDFQ
SDFQHDLPD1T6,g_SDFQ
SDFQHDLPD2T6,g_SDFQ
SDFQHDLPD3T6,g_SDFQ
SDFQHDSRLPD1T6,g_SDFQ
SDFQHDSRLPD2T6,g_SDFQ
SDFQHSD2T6,g_SDFQ
SDFQHSD4T6,g_SDFQ
SDFQLPD1HVT,g_SDFQ
SDFQLPD1P33HVT,g_SDFQ
SDFQLPD1T6,g_SDFQ
SDFQLPD2T6,g_SDFQ
SDFQLPD3T6,g_SDFQ
SDFQMDD12T6,g_SDFQ
SDFQMDD1T6,g_SDFQ
SDFQMDD2T6,g_SDFQ
SDFQMDD4T6,g_SDFQ
SDFQMDD8T6,g_SDFQ
SDFQND1,g_SDFQ
SDFQND1T6,g_SDFQN
SDFQND2,g_SDFQ
SDFQND2T6,g_SDFQN
SDFQND4T6,g_SDFQN
SDFQNHSD2T6,g_SDFQN
SDFQNHSD4T6,g_SDFQN
SDFQNLPD1T6,g_SDFQN
SDFQNMDD12T6,g_SDFQN
SDFQNMDD1T6,g_SDFQN
SDFQNMDD2T6,g_SDFQN
SDFQNMDD4T6,g_SDFQN
SDFQNMDD8T6,g_SDFQN
SDFQNSC2SE1D1T6,g_SDFQN
SDFQNSC2SE1SI1D1T6,g_SDFQN
SDFQSC2SE1D1T6,g_SDFQ
SDFQSC2SE1D2T6,g_SDFQ
SDFQSC2SE1D4T6,g_SDFQ
SDFQSC2SE1HDD1HVT,g_SDFQ
SDFQSC2SE1HDD1T6,g_SDFQ
SDFQSC2SE1HDD2T6,g_SDFQ
SDFQSC2SE1HDLPD1T6,g_SDFQ
SDFQSC2SE1HDLPD2T6,g_SDFQ
SDFQSC2SE1HDLPD3T6,g_SDFQ
SDFQSC2SE1HDSRLPD1T6,g_SDFQ
SDFQSC2SE1HDSRLPD2T6,g_SDFQ
SDFQSC2SE1HSD2T6,g_SDFQ
SDFQSC2SE1HSD4T6,g_SDFQ
SDFQSC2SE1LPD1T6,g_SDFQ
SDFQSC2SE1LPD2T6,g_SDFQ
SDFQSC2SE1LPD3T6,g_SDFQ
SDFQSC2SE1MDD1T6,g_SDFQ
SDFQSC2SE1MDD2T6,g_SDFQ
SDFQSC2SE1MDD4T6,g_SDFQ
SDFQSC2SE1SI1D1T6,g_SDFQ
SDFQSC2SE1SI1D2T6,g_SDFQ
SDFQSC2SE1SI1D4T6,g_SDFQ
SDFQSC2SE1SI1HDD1T6,g_SDFQ
SDFQSC2SE1SI1HDD2T6,g_SDFQ
SDFQSC2SE1SI1HDLPD1T6,g_SDFQ
SDFQSC2SE1SI1HDLPD2T6,g_SDFQ
SDFQSC2SE1SI1HDLPD3T6,g_SDFQ
SDFQSC2SE1SI1HDSRLPD1T6,g_SDFQ
SDFQSC2SE1SI1HDSRLPD2T6,g_SDFQ
SDFQSC2SE1SI1HSD2T6,g_SDFQ
SDFQSC2SE1SI1HSD4T6,g_SDFQ
SDFQSC2SE1SI1LPD1T6,g_SDFQ
SDFQSC2SE1SI1LPD2T6,g_SDFQ
SDFQSC2SE1SI1LPD3T6,g_SDFQ
SDFQSC2SE1SI1MDD1T6,g_SDFQ
SDFQSC2SE1SI1MDD2T6,g_SDFQ
SDFQSC2SE1SI1MDD4T6,g_SDFQ
SDFQSC2SE1SI1SRLPD1T6,g_SDFQ
SDFQSC2SE1SI1SRLPD2T6,g_SDFQ
SDFQSC2SE1SI1SRLPD3T6,g_SDFQ
SDFQSC2SE1SI1SSD1T6,g_SDFQ
SDFQSC2SE1SI1SSD2T6,g_SDFQ
SDFQSC2SE1SI1SSLPD1T6,g_SDFQ
SDFQSC2SE1SI1SSSRLPD1T6,g_SDFQ
SDFQSC2SE1SRLPD1T6,g_SDFQ
SDFQSC2SE1SRLPD2T6,g_SDFQ
SDFQSC2SE1SRLPD3T6,g_SDFQ
SDFQSC2SE1SSD1T6,g_SDFQ
SDFQSC2SE1SSD2T6,g_SDFQ
SDFQSC2SE1SSLPD1T6,g_SDFQ
SDFQSC2SE1SSSRLPD1T6,g_SDFQ
SDFQSC4SE1D1T6,g_SDFQ
SDFQSC4SE1D2T6,g_SDFQ
SDFQSC4SE1D4T6,g_SDFQ
SDFQSC4SE1HDD1HVT,g_SDFQ
SDFQSC4SE1HDD1T6,g_SDFQ
SDFQSC4SE1HDD2T6,g_SDFQ
SDFQSC4SE1HDLPD1T6,g_SDFQ
SDFQSC4SE1HDLPD2T6,g_SDFQ
SDFQSC4SE1HDLPD3T6,g_SDFQ
SDFQSC4SE1HDSRLPD1T6,g_SDFQ
SDFQSC4SE1HDSRLPD2T6,g_SDFQ
SDFQSC4SE1LPD1T6,g_SDFQ
SDFQSC4SE1LPD2T6,g_SDFQ
SDFQSC4SE1LPD3T6,g_SDFQ
SDFQSC4SE1SI1D1T6,g_SDFQ
SDFQSC4SE1SI1D2T6,g_SDFQ
SDFQSC4SE1SI1D4T6,g_SDFQ
SDFQSC4SE1SI1HDD1HVT,g_SDFQ
SDFQSC4SE1SI1HDD1T6,g_SDFQ
SDFQSC4SE1SI1HDD2T6,g_SDFQ
SDFQSC4SE1SI1HDLPD1T6,g_SDFQ
SDFQSC4SE1SI1HDLPD2T6,g_SDFQ
SDFQSC4SE1SI1HDLPD3T6,g_SDFQ
SDFQSC4SE1SI1HDSRLPD1T6,g_SDFQ
SDFQSC4SE1SI1HDSRLPD2T6,g_SDFQ
SDFQSC4SE1SI1LPD1T6,g_SDFQ
SDFQSC4SE1SI1LPD2T6,g_SDFQ
SDFQSC4SE1SI1LPD3T6,g_SDFQ
SDFQSC4SE1SI1SRLPD1T6,g_SDFQ
SDFQSC4SE1SI1SRLPD2T6,g_SDFQ
SDFQSC4SE1SI1SRLPD3T6,g_SDFQ
SDFQSC4SE1SI1SSD1T6,g_SDFQ
SDFQSC4SE1SI1SSD2T6,g_SDFQ
SDFQSC4SE1SI1SSLPD1T6,g_SDFQ
SDFQSC4SE1SI1SSSRLPD1T6,g_SDFQ
SDFQSC4SE1SRLPD1T6,g_SDFQ
SDFQSC4SE1SRLPD2T6,g_SDFQ
SDFQSC4SE1SRLPD3T6,g_SDFQ
SDFQSC4SE1SSD1T6,g_SDFQ
SDFQSC4SE1SSD2T6,g_SDFQ
SDFQSC4SE1SSLPD1T6,g_SDFQ
SDFQSC4SE1SSSRLPD1T6,g_SDFQ
SDFQSRLPD1T6,g_SDFQ
SDFQSRLPD2T6,g_SDFQ
SDFQSRLPD3T6,g_SDFQ
SDFQSSD1T6,g_SDFQ
SDFQSSD2,g_SDFQ
SDFQSSLPD1T6,g_SDFQ
SDFQSSSRLPD1T6,g_SDFQ
SDFSC2SE1D1T6,g_SDF
SDFSC2SE1D2T6,g_SDF
SDFSC2SE1SI1D1T6,g_SDF
SDFSC2SE1SI1D2T6,g_SDF
SDFSNQD1,g_SDFSNQ
SDFSNQD1HVT,g_SDFSNQ
SDFSNQD1T6,g_SDFSNQ
SDFSNQD2,g_SDFSNQ
SDFSNQD2T6,g_SDFSNQ
SDFSNQD4,g_SDFSNQ
SDFSNQD4HVT,g_SDFSNQ
SDFSNQD4T6,g_SDFSNQ
SDFSNQDTD1HVT,g_SDFSNQ
SDFSNQMDD12T6,g_SDFSNQ
SDFSNQMDD2T6,g_SDFSNQ
SDFSNQMDD4,g_SDFSNQ
SDFSNQMDD8T6,g_SDFSNQ
SDFSNQSC2SE1D1,g_SDFSNQ
SDFSNQSC2SE1D1HVT,g_SDFSNQ
SDFSNQSC2SE1SI1D1,g_SDFSNQ
SDFSNQSC2SE1SI1D1HVT,g_SDFSNQ
SDFSRLPD1T6,g_SDF
SEDFCND1T6,g_SEDFCN
SEDFCND2,g_SEDFCN
SEDFCND4T6,g_SEDFCN
SEDFD1,g_SEDF
SEDFD1T6,g_SEDF
SEDFD2,g_SEDF
SEDFD4,g_SEDF
SEDFQD1,g_SEDFQ
SEDFQD2,g_SEDFQ
SEDFQD4,g_SEDFQ
SEDFQHSD12T6,g_SEDFQ
SEDFQHSD2T6,g_SEDFQ
SEDFQHSD4T6,g_SEDFQ
SEDFQHSD8T6,g_SEDFQ
SEDFQSC2SE1D1T6,g_SEDFQ
SEDFQSC2SE1SI1D1T6,g_SEDFQ
XNR2CS1D0P67HVT,g_XNR2
XNR2CS1D1HVT,g_XNR2
XNR2CS2D0P67,g_XNR2
XNR2CS2D0P67HVT,g_XNR2
XNR2CS2D1HVT,g_XNR2
XNR2CS2D2HVT,g_XNR2
XNR2CS3D0P67HVT,g_XNR2
XNR2CS3D1,g_XNR2
XNR2CS3D1HVT,g_XNR2
XNR2CS3D2HVT,g_XNR2
XNR2D0P67,g_XNR2
XNR2D0P67HVT,g_XNR2
XNR2D1,g_XNR2
XNR2D1HVT,g_XNR2
XNR2D1T6,g_XNR2
XNR2D2,g_XNR2
XNR2D2HVT,g_XNR2
XNR2D2T6,g_XNR2
XNR2D4,g_XNR2
XNR2D8,g_XNR2
XNR3CS1D0P67HVT,g_XNR3
XNR3CS2D1HVT,g_XNR3
XNR3CS3D0P67HVT,g_XNR3
XNR3D0P67HVT,g_XNR3
XNR3D1,g_XNR3
XNR3D1T6,g_XNR3
XOR2CS1D0P67,g_XOR2
XOR2CS1D0P67HVT,g_XOR2
XOR2CS1D1HVT,g_XOR2
XOR2CS1D2,g_XOR2
XOR2CS1D2HVT,g_XOR2
XOR2CS1D2_S,g_XOR2
XOR2CS2D0P67,g_XOR2
XOR2CS2D0P67HVT,g_XOR2
XOR2CS2D1HVT,g_XOR2
XOR2CS2D2HVT,g_XOR2
XOR2CS2D2_S,g_XOR2
XOR2CS2D4,g_XOR2
XOR2CS2D4HVT,g_XOR2
XOR2CS3D0P67,g_XOR2
XOR2CS3D0P67HVT,g_XOR2
XOR2CS3D1,g_XOR2
XOR2CS3D1HVT,g_XOR2
XOR2CS3D2HVT,g_XOR2
XOR2CS3D2_S,g_XOR2
XOR2D0P67,g_XOR2
XOR2D0P67HVT,g_XOR2
XOR2D1,g_XOR2
XOR2D1HVT,g_XOR2
XOR2D1T6,g_XOR2
XOR2D2,g_XOR2
XOR2D2HVT,g_XOR2
XOR2D2T6,g_XOR2
XOR2D2_S,g_XOR2
XOR2D4,g_XOR2
XOR3CS1D0P67HVT,g_XOR3
XOR3CS1D1HVT,g_XOR3
XOR3CS2D0P67HVT,g_XOR3
XOR3CS2D1HVT,g_XOR3
XOR3CS3D0P67HVT,g_XOR3
XOR3CS3D1HVT,g_XOR3
XOR3D0P67HVT,g_XOR3
XOR3D1,g_XOR3
XOR3D1T6,g_XOR3
XOR3HDD0P67,g_XOR3
XOR3HDD1,g_XOR3
